"workerid","spinnerID","payoff1","payoff2","payoff3","prob1","prob2","prob3","win","winProb","angleProp","happy","sad","anger","surprise","disgust","fear","content","disapp"
7,33,45,60,90,0.5,0.3,0.2,90,0.2,0.916,9,1,1,6,1,1,9,1
29,3,0,30,60,0.41,0.37,0.22,60,0.22,0.094,9,1,1,9,1,1,2,1
92,45,10,50,75,0.6,0.24,0.16,75,0.16,0.592,9,1,1,8,1,1,5,1
62,49,50,75,90,0.3,0.52,0.18,50,0.3,0.524,6,3,2,5,2,3,5,4
35,10,20,45,70,0.43,0.39,0.18,20,0.43,0.33,7,2,1,1,1,1,6,3
18,23,20,60,90,0.34,0.22,0.44,60,0.22,0.307,8,1,1,6,1,2,8,2
68,14,30,50,95,0.33,0.29,0.38,50,0.29,0.873,7,3,3,6,3,3,6,2
27,28,40,65,100,0.36,0.4,0.24,40,0.36,0.558,9,1,1,9,1,1,3,7
80,32,45,60,90,0.52,0.29,0.19,60,0.29,0.149,7,2,2,6,1,1,5,1
14,23,20,60,90,0.34,0.22,0.44,60,0.22,0.383,6,1,1,6,1,1,5,2
87,3,0,30,60,0.41,0.37,0.22,60,0.22,0.231,1,6,6,6,7,3,1,9
83,21,25,45,80,0.3,0.3,0.4,80,0.4,0.329,7,1,1,7,1,1,8,1
59,18,25,60,100,0.43,0.35,0.22,100,0.22,0.361,9,1,1,8,1,1,8,1
10,20,25,45,80,0.26,0.32,0.42,45,0.32,0.185,5,1,1,1,1,1,1,3
69,9,15,70,80,0.45,0.29,0.26,80,0.26,0.264,9,1,1,5,1,1,1,1
24,22,20,60,90,0.32,0.16,0.52,20,0.32,0.979,5,2,1,1,1,1,1,5
79,9,15,70,80,0.45,0.29,0.26,80,0.26,0.882,9,1,1,7,1,1,1,1
73,33,45,60,90,0.5,0.3,0.2,90,0.2,0.347,9,1,1,8,1,1,8,1
54,18,25,60,100,0.43,0.35,0.22,100,0.22,0.679,9,1,1,7,1,1,8,1
75,49,50,75,90,0.3,0.52,0.18,50,0.3,0.097,5,1,1,5,1,1,5,1
52,11,20,45,70,0.41,0.35,0.24,45,0.35,0.815,7,1,1,4,1,1,9,1
66,15,30,50,95,0.3,0.3,0.4,95,0.4,0.892,8,1,1,9,1,1,8,1
5,20,25,45,80,0.26,0.32,0.42,45,0.32,0.262,7,1,1,1,1,1,5,1
48,13,30,50,95,0.31,0.25,0.44,30,0.31,0.89,6,5,3,7,6,3,3,8
57,30,40,65,100,0.37,0.32,0.31,100,0.31,0.237,9,1,1,7,2,1,4,1
19,32,45,60,90,0.52,0.29,0.19,60,0.29,0.928,8,3,2,8,2,2,7,3
51,34,30,50,90,0.43,0.23,0.34,30,0.43,0.374,7,1,2,4,2,1,5,6
55,5,10,35,75,0.515,0.3,0.185,35,0.3,0.286,8,8,6,7,4,3,4,5
86,19,25,45,80,0.31,0.32,0.37,25,0.31,0.427,5,6,7,7,5,1,4,7
85,40,0,40,95,0.27,0.38,0.35,0,0.27,0.468,1,1,3,2,2,1,2,8
45,16,25,60,100,0.45,0.37,0.18,25,0.45,0.771,4,4,2,6,6,1,5,7
8,16,25,60,100,0.45,0.37,0.18,25,0.45,0.99,6,2,2,5,6,2,7,7
4,5,10,35,75,0.515,0.3,0.185,35,0.3,0.666,6,4,2,5,3,3,6,3
82,32,45,60,90,0.52,0.29,0.19,60,0.29,0.87,7,1,2,6,1,1,7,3
28,5,10,35,75,0.515,0.3,0.185,35,0.3,0.308,7,1,1,6,1,1,1,1
20,36,30,50,90,0.39,0.25,0.36,90,0.36,0.486,9,1,1,9,1,1,9,1
38,44,10,50,75,0.58,0.24,0.18,50,0.24,0.428,8,2,1,9,1,1,9,2
11,49,50,75,90,0.3,0.52,0.18,50,0.3,0.655,7,3,3,5,3,1,7,6
60,39,20,50,90,0.32,0.18,0.5,90,0.5,0.369,8,6,6,7,2,2,1,1
100,33,45,60,90,0.5,0.3,0.2,90,0.2,0.692,9,1,1,9,1,1,9,1
47,19,25,45,80,0.31,0.32,0.37,25,0.31,0.998,9,1,1,6,1,1,5,1
1,27,15,50,75,0.25,0.38,0.37,75,0.37,0.973,9,1,1,8,1,1,8,1
39,9,15,70,80,0.45,0.29,0.26,80,0.26,0.591,8,1,1,6,1,1,7,1
23,15,30,50,95,0.3,0.3,0.4,95,0.4,0.9,9,1,1,6,1,1,7,1
40,46,55,70,85,0.26,0.53,0.21,55,0.26,0.326,6,1,1,6,1,1,6,4
32,36,30,50,90,0.39,0.25,0.36,90,0.36,0.223,8,1,1,8,1,1,5,1
74,26,15,50,75,0.24,0.4,0.36,50,0.4,0.127,7,2,1,5,2,1,5,4
26,22,20,60,90,0.32,0.16,0.52,20,0.32,0.506,3,5,3,1,4,1,3,6
37,38,20,50,90,0.3,0.18,0.52,50,0.18,0.759,6,2,1,2,1,1,5,3
25,44,10,50,75,0.58,0.24,0.18,50,0.24,0.849,9,1,1,6,1,1,9,1
88,3,0,30,60,0.41,0.37,0.22,60,0.22,0.658,1,9,8,3,2,1,1,9
67,7,15,70,80,0.47,0.28,0.25,15,0.47,0.067,2,4,7,4,2,1,3,8
65,28,40,65,100,0.36,0.4,0.24,40,0.36,0.845,3,6,7,2,2,5,4,7
44,3,0,30,60,0.41,0.37,0.22,60,0.22,0.033,9,1,1,7,1,1,9,1
99,7,15,70,80,0.47,0.28,0.25,15,0.47,0.919,7,2,2,2,1,1,8,3
58,27,15,50,75,0.25,0.38,0.37,75,0.37,0.126,9,1,1,5,1,1,9,1
63,6,10,35,75,0.5,0.32,0.18,75,0.18,0.614,8,1,1,8,1,1,9,1
21,2,0,30,60,0.42,0.31,0.27,30,0.31,0.995,7,4,5,8,4,3,4,7
95,9,15,70,80,0.45,0.29,0.26,80,0.26,0.163,7,2,2,6,1,1,7,2
71,33,45,60,90,0.5,0.3,0.2,90,0.2,0.296,9,1,1,8,1,1,9,1
13,20,25,45,80,0.26,0.32,0.42,45,0.32,0.307,6,3,1,4,3,1,6,5
9,6,10,35,75,0.5,0.32,0.18,75,0.18,0.3,9,1,1,7,1,1,6,1
31,37,20,50,90,0.28,0.19,0.53,20,0.28,0.524,4,6,7,6,2,1,3,8
49,37,20,50,90,0.28,0.19,0.53,20,0.28,0.258,5,4,3,6,4,3,2,8
94,5,10,35,75,0.515,0.3,0.185,35,0.3,0.804,6,6,5,5,3,4,4,3
97,15,30,50,95,0.3,0.3,0.4,95,0.4,0.823,8,1,1,4,1,1,7,1
33,17,25,60,100,0.42,0.38,0.2,60,0.38,0.324,9,1,1,8,1,1,1,1
36,21,25,45,80,0.3,0.3,0.4,80,0.4,0.999,9,1,1,7,1,1,1,1
46,9,15,70,80,0.45,0.29,0.26,80,0.26,0.463,9,1,1,8,1,1,1,1
90,12,20,45,70,0.4,0.34,0.26,70,0.26,0.095,7,1,1,7,1,1,4,1
93,35,30,50,90,0.41,0.24,0.35,50,0.24,0.434,8,1,1,5,1,1,8,2
41,13,30,50,95,0.31,0.25,0.44,30,0.31,0.482,7,1,1,5,1,1,7,1
16,12,20,45,70,0.4,0.34,0.26,70,0.26,0.505,9,9,1,9,1,1,9,1
84,44,10,50,75,0.58,0.24,0.18,50,0.24,0.609,7,1,1,8,1,1,8,1
76,39,20,50,90,0.32,0.18,0.5,90,0.5,0.97,8,1,1,6,1,1,8,1
17,34,30,50,90,0.43,0.23,0.34,30,0.43,0.593,5,3,1,1,1,1,3,5
6,15,30,50,95,0.3,0.3,0.4,95,0.4,0.62,9,1,1,7,1,1,5,1
15,7,15,70,80,0.47,0.28,0.25,15,0.47,0.034,5,4,3,3,4,1,4,7
42,20,25,45,80,0.26,0.32,0.42,45,0.32,0.309,7,3,1,7,1,1,9,3
72,14,30,50,95,0.33,0.29,0.38,50,0.29,0.143,7,1,1,5,1,1,7,3
50,30,40,65,100,0.37,0.32,0.31,100,0.31,0.157,9,1,1,6,2,1,8,1
2,12,20,45,70,0.4,0.34,0.26,70,0.26,0.578,8,1,1,7,1,1,4,1
43,41,0,40,95,0.27,0.4,0.33,40,0.4,0.498,8,3,1,7,3,3,5,5
61,32,45,60,90,0.52,0.29,0.19,60,0.29,0.268,7,1,1,5,1,1,7,1
81,26,15,50,75,0.24,0.4,0.36,50,0.4,0.009,7,4,2,2,2,2,8,6
77,48,55,70,85,0.25,0.52,0.23,85,0.23,0.449,8,2,2,8,1,1,7,2
70,35,30,50,90,0.41,0.24,0.35,50,0.24,0.714,9,1,1,9,1,1,9,1
89,21,25,45,80,0.3,0.3,0.4,80,0.4,0.923,9,1,1,8,1,1,5,1
78,13,30,50,95,0.31,0.25,0.44,30,0.31,0.978,5,3,3,3,3,3,3,6
56,30,40,65,100,0.37,0.32,0.31,100,0.31,0.396,9,1,1,9,1,1,9,1
34,15,30,50,95,0.3,0.3,0.4,95,0.4,0.832,9,1,1,5,1,1,6,1
12,18,25,60,100,0.43,0.35,0.22,100,0.22,0.029,9,1,1,9,1,1,9,1
96,42,0,40,95,0.26,0.42,0.32,95,0.32,0.17,9,1,1,7,1,1,5,1
98,23,20,60,90,0.34,0.22,0.44,60,0.22,0.423,8,2,1,6,1,1,6,1
91,37,20,50,90,0.28,0.19,0.53,20,0.28,0.733,2,3,5,8,5,2,2,9
3,50,50,75,90,0.32,0.5,0.18,75,0.5,0.674,7,1,1,1,1,1,7,1
22,23,20,60,90,0.34,0.22,0.44,60,0.22,0.017,8,2,1,6,1,1,1,6
64,15,30,50,95,0.3,0.3,0.4,95,0.4,0.404,9,1,9,9,1,1,1,1
53,31,45,60,90,0.54,0.3,0.16,45,0.54,0.615,2,2,1,1,1,1,1,2
30,42,0,40,95,0.26,0.42,0.32,95,0.32,0.573,9,1,1,8,1,1,7,1
7,49,50,75,90,0.3,0.52,0.18,50,0.3,0.944,1,6,5,7,1,1,1,8
29,27,15,50,75,0.25,0.38,0.37,75,0.37,0.377,9,1,1,9,1,1,1,1
92,10,20,45,70,0.43,0.39,0.18,20,0.43,0.482,6,1,1,5,3,1,3,6
62,33,45,60,90,0.5,0.3,0.2,90,0.2,0.459,9,1,1,7,1,1,8,1
35,25,15,50,75,0.21,0.36,0.43,15,0.21,0.409,6,2,1,4,1,1,4,3
18,34,30,50,90,0.43,0.23,0.34,30,0.43,0.514,3,1,1,4,1,1,1,7
68,48,55,70,85,0.25,0.52,0.23,85,0.23,0.695,2,6,5,5,4,2,2,6
27,23,20,60,90,0.34,0.22,0.44,60,0.22,0.379,9,1,1,9,1,1,5,5
80,40,0,40,95,0.27,0.38,0.35,0,0.27,0.258,1,6,3,3,2,1,1,7
14,29,40,65,100,0.38,0.34,0.28,65,0.34,0.919,6,6,1,3,1,1,5,2
87,39,20,50,90,0.32,0.18,0.5,90,0.5,0.341,9,1,1,9,1,1,9,1
83,34,30,50,90,0.43,0.23,0.34,30,0.43,0.258,4,6,1,5,1,1,5,5
59,9,15,70,80,0.45,0.29,0.26,80,0.26,0.7,9,1,1,8,1,1,8,1
10,42,0,40,95,0.26,0.42,0.32,95,0.32,0.128,7,1,1,1,1,1,1,1
69,6,10,35,75,0.5,0.32,0.18,75,0.18,0.91,9,1,1,5,1,1,1,1
24,16,25,60,100,0.45,0.37,0.18,25,0.45,0.218,5,2,1,1,1,1,2,4
79,48,55,70,85,0.25,0.52,0.23,85,0.23,0.371,9,1,1,7,1,1,1,1
73,10,20,45,70,0.43,0.39,0.18,20,0.43,0.287,4,1,1,3,6,1,3,6
54,43,10,50,75,0.55,0.28,0.17,10,0.55,0.794,3,7,2,1,3,1,2,8
75,27,15,50,75,0.25,0.38,0.37,75,0.37,0.546,9,1,1,6,1,1,9,1
52,36,30,50,90,0.39,0.25,0.36,90,0.36,0.665,9,1,1,7,1,1,9,1
66,48,55,70,85,0.25,0.52,0.23,85,0.23,0.89,8,1,1,8,1,1,7,1
5,32,45,60,90,0.52,0.29,0.19,60,0.29,0.704,8,1,1,1,1,1,5,1
48,17,25,60,100,0.42,0.38,0.2,60,0.38,0.185,7,3,2,7,2,2,5,4
57,48,55,70,85,0.25,0.52,0.23,85,0.23,0.356,9,1,1,9,1,1,6,2
19,37,20,50,90,0.28,0.19,0.53,20,0.28,0.745,2,8,8,7,2,1,2,8
51,11,20,45,70,0.41,0.35,0.24,45,0.35,0.521,8,1,1,6,1,2,6,5
55,34,30,50,90,0.43,0.23,0.34,30,0.43,0.74,4,5,5,5,5,6,5,5
86,35,30,50,90,0.41,0.24,0.35,50,0.24,0.621,7,6,5,6,2,1,6,6
85,34,30,50,90,0.43,0.23,0.34,30,0.43,0.643,8,2,1,7,1,1,8,2
45,13,30,50,95,0.31,0.25,0.44,30,0.31,0.549,4,4,2,4,6,1,4,6
8,32,45,60,90,0.52,0.29,0.19,60,0.29,0.758,7,1,1,7,1,1,7,2
4,29,40,65,100,0.38,0.34,0.28,65,0.34,0.568,6,4,3,3,2,1,6,4
82,21,25,45,80,0.3,0.3,0.4,80,0.4,0.779,9,1,1,5,1,1,9,1
28,18,25,60,100,0.43,0.35,0.22,100,0.22,0.923,7,1,1,7,1,1,1,1
20,17,25,60,100,0.42,0.38,0.2,60,0.38,0.936,7,2,1,5,1,1,7,2
38,34,30,50,90,0.43,0.23,0.34,30,0.43,0.105,7,5,1,2,1,1,4,6
11,27,15,50,75,0.25,0.38,0.37,75,0.37,0.48,6,1,1,6,1,1,4,8
60,16,25,60,100,0.45,0.37,0.18,25,0.45,0.868,2,3,3,5,5,6,5,5
100,1,0,30,60,0.38,0.36,0.26,0,0.38,0.445,1,9,3,5,2,1,1,9
47,22,20,60,90,0.32,0.16,0.52,20,0.32,0.163,9,1,1,6,1,1,6,1
1,37,20,50,90,0.28,0.19,0.53,20,0.28,0.23,4,4,3,5,4,1,1,9
39,27,15,50,75,0.25,0.38,0.37,75,0.37,0.256,7,1,1,4,1,1,8,1
23,48,55,70,85,0.25,0.52,0.23,85,0.23,0.79,9,1,1,5,1,1,7,1
40,26,15,50,75,0.24,0.4,0.36,50,0.4,0.753,6,1,1,6,1,1,6,3
32,13,30,50,95,0.31,0.25,0.44,30,0.31,0.05,6,2,1,4,1,1,5,3
74,4,10,35,75,0.5,0.31,0.19,10,0.5,0.53,3,5,1,3,3,1,1,8
26,25,15,50,75,0.21,0.36,0.43,15,0.21,0.324,3,5,4,2,4,1,3,6
37,21,25,45,80,0.3,0.3,0.4,80,0.4,0.109,9,1,1,5,1,1,9,1
25,45,10,50,75,0.6,0.24,0.16,75,0.16,0.909,9,1,1,7,1,1,9,1
88,13,30,50,95,0.31,0.25,0.44,30,0.31,0.051,6,3,5,4,2,1,2,8
67,40,0,40,95,0.27,0.38,0.35,0,0.27,0.779,1,5,8,6,3,1,1,9
65,7,15,70,80,0.47,0.28,0.25,15,0.47,0.522,3,7,7,6,3,1,5,7
44,40,0,40,95,0.27,0.38,0.35,0,0.27,0.628,1,6,4,1,4,1,1,9
99,12,20,45,70,0.4,0.34,0.26,70,0.26,0.205,9,1,1,8,1,1,7,1
58,30,40,65,100,0.37,0.32,0.31,100,0.31,0.193,9,1,1,6,1,1,9,1
63,4,10,35,75,0.5,0.31,0.19,10,0.5,0.372,5,2,1,1,1,1,3,7
21,19,25,45,80,0.31,0.32,0.37,25,0.31,0.578,4,5,7,7,6,3,2,8
95,12,20,45,70,0.4,0.34,0.26,70,0.26,0.581,6,3,3,4,2,1,6,4
71,6,10,35,75,0.5,0.32,0.18,75,0.18,0.462,9,1,1,8,1,1,9,1
13,5,10,35,75,0.515,0.3,0.185,35,0.3,0.057,7,2,1,5,2,1,7,2
9,33,45,60,90,0.5,0.3,0.2,90,0.2,0.61,9,1,1,8,1,1,8,1
31,31,45,60,90,0.54,0.3,0.16,45,0.54,0.725,6,3,2,2,1,1,6,3
49,22,20,60,90,0.32,0.16,0.52,20,0.32,0.528,5,2,2,3,2,2,3,7
94,6,10,35,75,0.5,0.32,0.18,75,0.18,0.438,9,5,4,7,3,3,8,2
97,36,30,50,90,0.39,0.25,0.36,90,0.36,0.06,8,1,1,4,1,1,5,1
33,21,25,45,80,0.3,0.3,0.4,80,0.4,0.432,9,1,1,9,1,1,1,1
36,39,20,50,90,0.32,0.18,0.5,90,0.5,0.804,9,1,1,6,1,1,7,1
46,13,30,50,95,0.31,0.25,0.44,30,0.31,0.94,7,2,2,6,1,1,1,7
90,10,20,45,70,0.43,0.39,0.18,20,0.43,0.602,4,5,3,5,2,2,5,7
93,16,25,60,100,0.45,0.37,0.18,25,0.45,0.488,6,1,1,3,1,1,6,3
41,45,10,50,75,0.6,0.24,0.16,75,0.16,0.223,3,4,2,2,2,1,1,7
16,8,15,70,80,0.49,0.27,0.24,70,0.27,0.356,8,2,2,7,1,1,8,2
84,1,0,30,60,0.38,0.36,0.26,0,0.38,0.232,1,8,7,2,7,1,1,9
76,12,20,45,70,0.4,0.34,0.26,70,0.26,0.569,8,1,1,7,1,1,8,1
17,7,15,70,80,0.47,0.28,0.25,15,0.47,0.101,2,3,1,1,2,1,2,6
6,46,55,70,85,0.26,0.53,0.21,55,0.26,0.016,5,7,3,6,2,1,6,8
15,25,15,50,75,0.21,0.36,0.43,15,0.21,0.181,2,6,6,7,6,2,3,9
42,1,0,30,60,0.38,0.36,0.26,0,0.38,0.845,1,9,2,1,6,1,1,9
72,13,30,50,95,0.31,0.25,0.44,30,0.31,0.995,4,5,3,5,1,1,4,8
50,42,0,40,95,0.26,0.42,0.32,95,0.32,0.722,9,1,1,6,2,1,6,1
2,50,50,75,90,0.32,0.5,0.18,75,0.5,0.824,7,2,1,6,1,1,7,3
43,45,10,50,75,0.6,0.24,0.16,75,0.16,0.126,9,1,1,9,1,1,9,1
61,24,20,60,90,0.33,0.2,0.47,90,0.47,0.735,9,1,1,7,1,1,9,1
81,37,20,50,90,0.28,0.19,0.53,20,0.28,0.089,2,7,7,7,5,2,3,8
77,15,30,50,95,0.3,0.3,0.4,95,0.4,0.912,9,1,1,8,1,1,8,1
70,4,10,35,75,0.5,0.31,0.19,10,0.5,0.969,6,1,1,3,1,1,5,7
89,20,25,45,80,0.26,0.32,0.42,45,0.32,0.026,7,3,1,7,1,1,2,4
78,10,20,45,70,0.43,0.39,0.18,20,0.43,0.432,7,4,4,4,4,4,4,6
56,40,0,40,95,0.27,0.38,0.35,0,0.27,0.155,1,7,5,5,4,1,1,9
34,27,15,50,75,0.25,0.38,0.37,75,0.37,0.396,9,1,1,5,1,1,5,1
12,42,0,40,95,0.26,0.42,0.32,95,0.32,0.986,9,1,1,9,1,1,9,1
96,11,20,45,70,0.41,0.35,0.24,45,0.35,0.103,6,1,1,5,1,1,5,4
98,43,10,50,75,0.55,0.28,0.17,10,0.55,0.161,5,5,1,1,1,1,1,1
91,1,0,30,60,0.38,0.36,0.26,0,0.38,0.537,1,1,2,4,3,1,3,7
3,24,20,60,90,0.33,0.2,0.47,90,0.47,0.022,9,1,1,4,1,1,9,1
22,37,20,50,90,0.28,0.19,0.53,20,0.28,0.646,4,8,1,6,1,1,1,7
64,40,0,40,95,0.27,0.38,0.35,0,0.27,0.167,1,1,1,1,1,1,1,1
53,46,55,70,85,0.26,0.53,0.21,55,0.26,0.739,2,3,2,2,1,1,1,4
30,33,45,60,90,0.5,0.3,0.2,90,0.2,0.433,9,1,1,5,1,1,8,1
7,41,0,40,95,0.27,0.4,0.33,40,0.4,0.544,5,3,2,4,1,1,5,3
29,25,15,50,75,0.21,0.36,0.43,15,0.21,0.616,7,2,1,6,1,1,1,1
92,19,25,45,80,0.31,0.32,0.37,25,0.31,0.605,6,1,1,5,3,1,5,7
62,28,40,65,100,0.36,0.4,0.24,40,0.36,0.282,4,5,5,7,3,4,2,7
35,1,0,30,60,0.38,0.36,0.26,0,0.38,0.418,1,7,1,5,1,1,1,7
18,40,0,40,95,0.27,0.38,0.35,0,0.27,0.653,1,6,2,5,2,1,1,9
68,5,10,35,75,0.515,0.3,0.185,35,0.3,0.143,4,5,4,7,3,4,4,4
27,1,0,30,60,0.38,0.36,0.26,0,0.38,0.453,1,9,1,9,1,1,1,9
80,24,20,60,90,0.33,0.2,0.47,90,0.47,0.879,7,1,1,2,1,1,7,1
14,8,15,70,80,0.49,0.27,0.24,70,0.27,0.214,7,7,1,6,1,1,6,1
87,19,25,45,80,0.31,0.32,0.37,25,0.31,0.491,7,3,3,6,3,1,7,1
83,6,10,35,75,0.5,0.32,0.18,75,0.18,0.77,8,1,1,8,1,1,8,1
59,25,15,50,75,0.21,0.36,0.43,15,0.21,0.308,6,2,2,3,2,2,2,5
10,33,45,60,90,0.5,0.3,0.2,90,0.2,0.111,7,1,1,1,1,1,4,1
69,14,30,50,95,0.33,0.29,0.38,50,0.29,0.561,7,1,1,6,1,1,1,1
24,9,15,70,80,0.45,0.29,0.26,80,0.26,0.185,9,1,1,9,1,1,1,1
79,39,20,50,90,0.32,0.18,0.5,90,0.5,0.666,9,1,1,6,1,1,1,1
73,21,25,45,80,0.3,0.3,0.4,80,0.4,0.92,8,1,1,7,1,1,7,1
54,23,20,60,90,0.34,0.22,0.44,60,0.22,0.276,6,2,1,3,2,1,6,3
75,43,10,50,75,0.55,0.28,0.17,10,0.55,0.065,5,1,1,1,1,1,5,4
52,8,15,70,80,0.49,0.27,0.24,70,0.27,0.887,8,1,1,6,1,1,9,1
66,33,45,60,90,0.5,0.3,0.2,90,0.2,0.515,9,1,1,8,1,1,7,1
5,44,10,50,75,0.58,0.24,0.18,50,0.24,0.024,8,1,1,4,1,1,1,1
48,40,0,40,95,0.27,0.38,0.35,0,0.27,0.677,1,9,8,6,7,2,8,8
57,12,20,45,70,0.4,0.34,0.26,70,0.26,0.108,9,1,1,8,1,1,5,1
19,13,30,50,95,0.31,0.25,0.44,30,0.31,0.838,5,6,6,7,2,1,4,6
51,46,55,70,85,0.26,0.53,0.21,55,0.26,0.413,7,1,2,6,2,2,4,7
55,10,20,45,70,0.43,0.39,0.18,20,0.43,0.628,4,3,3,6,6,5,7,8
86,25,15,50,75,0.21,0.36,0.43,15,0.21,0.317,3,6,8,8,6,1,1,9
85,11,20,45,70,0.41,0.35,0.24,45,0.35,0.583,9,1,1,8,1,1,6,1
45,32,45,60,90,0.52,0.29,0.19,60,0.29,0.847,7,2,1,6,1,1,8,3
8,31,45,60,90,0.54,0.3,0.16,45,0.54,0.878,6,4,2,4,2,1,5,6
4,23,20,60,90,0.34,0.22,0.44,60,0.22,0.935,7,4,3,5,2,1,6,4
82,20,25,45,80,0.26,0.32,0.42,45,0.32,0.275,5,5,5,5,1,1,5,5
28,27,15,50,75,0.25,0.38,0.37,75,0.37,0.427,7,1,1,7,1,1,1,1
20,5,10,35,75,0.515,0.3,0.185,35,0.3,0.234,7,2,1,1,1,1,7,2
38,7,15,70,80,0.47,0.28,0.25,15,0.47,0.193,3,6,5,1,1,1,2,7
11,48,55,70,85,0.25,0.52,0.23,85,0.23,0.997,8,1,1,7,1,1,9,1
60,26,15,50,75,0.24,0.4,0.36,50,0.4,0.573,6,5,6,4,3,4,6,4
100,23,20,60,90,0.34,0.22,0.44,60,0.22,0.324,6,2,1,7,1,1,7,3
47,20,25,45,80,0.26,0.32,0.42,45,0.32,0.417,9,1,1,9,1,1,6,1
1,11,20,45,70,0.41,0.35,0.24,45,0.35,0.964,5,7,3,6,5,2,5,5
39,49,50,75,90,0.3,0.52,0.18,50,0.3,0.856,5,4,2,1,1,1,5,5
23,37,20,50,90,0.28,0.19,0.53,20,0.28,0.144,5,2,1,7,1,1,4,7
40,6,10,35,75,0.5,0.32,0.18,75,0.18,0.253,9,1,1,6,1,1,9,1
32,35,30,50,90,0.41,0.24,0.35,50,0.24,0.151,7,1,1,5,1,1,1,1
74,21,25,45,80,0.3,0.3,0.4,80,0.4,0.124,9,1,1,7,1,1,9,1
26,36,30,50,90,0.39,0.25,0.36,90,0.36,0.662,8,1,1,4,1,1,8,1
37,46,55,70,85,0.26,0.53,0.21,55,0.26,0.376,5,2,1,3,2,1,5,5
25,46,55,70,85,0.26,0.53,0.21,55,0.26,0.309,6,1,1,6,3,1,8,3
88,40,0,40,95,0.27,0.38,0.35,0,0.27,0.7,1,9,9,5,7,8,1,9
67,5,10,35,75,0.515,0.3,0.185,35,0.3,0.783,5,3,3,4,1,1,5,3
65,37,20,50,90,0.28,0.19,0.53,20,0.28,0.755,2,6,5,4,4,3,3,8
44,10,20,45,70,0.43,0.39,0.18,20,0.43,0.935,5,1,1,5,2,1,4,6
99,27,15,50,75,0.25,0.38,0.37,75,0.37,0.79,9,1,1,6,1,1,7,1
58,4,10,35,75,0.5,0.31,0.19,10,0.5,0.731,3,3,3,2,2,1,2,8
63,33,45,60,90,0.5,0.3,0.2,90,0.2,0.38,9,1,1,9,1,1,9,1
21,22,20,60,90,0.32,0.16,0.52,20,0.32,0.39,3,6,8,8,6,4,3,9
95,39,20,50,90,0.32,0.18,0.5,90,0.5,0.71,8,2,1,6,1,1,7,1
71,48,55,70,85,0.25,0.52,0.23,85,0.23,0.635,9,1,1,7,1,1,9,1
13,27,15,50,75,0.25,0.38,0.37,75,0.37,0.082,9,1,1,6,1,1,9,1
9,23,20,60,90,0.34,0.22,0.44,60,0.22,0.12,7,2,1,5,1,1,5,1
31,34,30,50,90,0.43,0.23,0.34,30,0.43,0.227,5,2,1,2,1,1,5,3
49,32,45,60,90,0.52,0.29,0.19,60,0.29,0.658,5,2,2,5,1,1,1,5
94,37,20,50,90,0.28,0.19,0.53,20,0.28,0.94,2,6,5,8,6,5,7,4
97,49,50,75,90,0.3,0.52,0.18,50,0.3,0.091,4,3,2,5,1,1,4,4
33,2,0,30,60,0.42,0.31,0.27,30,0.31,0.764,9,1,1,9,1,1,1,1
36,14,30,50,95,0.33,0.29,0.38,50,0.29,0.071,9,2,1,6,1,1,7,1
46,34,30,50,90,0.43,0.23,0.34,30,0.43,0.116,6,2,2,6,1,1,1,5
90,37,20,50,90,0.28,0.19,0.53,20,0.28,0.323,2,6,3,4,2,2,4,7
93,39,20,50,90,0.32,0.18,0.5,90,0.5,0.277,7,1,1,7,1,1,7,1
41,27,15,50,75,0.25,0.38,0.37,75,0.37,0.189,9,1,1,7,1,1,9,1
16,4,10,35,75,0.5,0.31,0.19,10,0.5,0.784,4,6,3,2,4,2,3,7
84,9,15,70,80,0.45,0.29,0.26,80,0.26,0.202,9,1,1,9,1,1,9,1
76,19,25,45,80,0.31,0.32,0.37,25,0.31,0.423,6,3,2,5,1,1,4,6
17,37,20,50,90,0.28,0.19,0.53,20,0.28,0.839,2,3,2,6,4,1,2,8
6,29,40,65,100,0.38,0.34,0.28,65,0.34,0.997,6,5,3,5,1,1,6,8
15,44,10,50,75,0.58,0.24,0.18,50,0.24,0.172,7,3,2,6,3,1,5,4
42,19,25,45,80,0.31,0.32,0.37,25,0.31,0.003,7,1,2,9,1,9,4,1
72,33,45,60,90,0.5,0.3,0.2,90,0.2,0.81,9,1,1,7,1,1,9,1
50,39,20,50,90,0.32,0.18,0.5,90,0.5,0.139,9,1,1,3,2,1,7,1
2,16,25,60,100,0.45,0.37,0.18,25,0.45,0.707,3,5,5,5,6,1,2,8
43,39,20,50,90,0.32,0.18,0.5,90,0.5,0.656,9,1,1,3,1,1,9,1
61,47,55,70,85,0.28,0.51,0.21,70,0.51,0.55,9,1,1,3,1,1,9,1
81,1,0,30,60,0.38,0.36,0.26,0,0.38,0.527,4,6,7,6,6,2,1,6
77,37,20,50,90,0.28,0.19,0.53,20,0.28,0.974,4,7,5,6,6,2,3,8
70,34,30,50,90,0.43,0.23,0.34,30,0.43,0.931,7,1,1,5,1,1,5,4
89,31,45,60,90,0.54,0.3,0.16,45,0.54,0.024,3,6,1,2,1,1,2,6
78,34,30,50,90,0.43,0.23,0.34,30,0.43,0.493,6,4,4,4,4,4,4,6
56,20,25,45,80,0.26,0.32,0.42,45,0.32,0.589,5,3,1,2,1,1,5,3
34,25,15,50,75,0.21,0.36,0.43,15,0.21,0.913,1,5,8,7,6,1,1,6
12,12,20,45,70,0.4,0.34,0.26,70,0.26,0.584,9,1,1,9,1,1,9,1
96,5,10,35,75,0.515,0.3,0.185,35,0.3,0.83,5,2,1,4,2,1,5,4
98,41,0,40,95,0.27,0.4,0.33,40,0.4,0.533,8,2,1,6,1,1,8,1
91,17,25,60,100,0.42,0.38,0.2,60,0.38,0.013,6,1,1,6,1,1,6,7
3,27,15,50,75,0.25,0.38,0.37,75,0.37,0.792,9,1,1,4,1,1,9,1
22,26,15,50,75,0.24,0.4,0.36,50,0.4,0.95,6,5,1,4,1,1,6,5
64,4,10,35,75,0.5,0.31,0.19,10,0.5,0.836,7,1,1,9,1,1,1,1
53,35,30,50,90,0.41,0.24,0.35,50,0.24,0.941,4,2,1,3,1,1,1,2
30,29,40,65,100,0.38,0.34,0.28,65,0.34,0.62,6,2,1,5,1,1,7,4
7,48,55,70,85,0.25,0.52,0.23,85,0.23,0.927,9,1,1,8,1,1,9,1
29,16,25,60,100,0.45,0.37,0.18,25,0.45,0.194,1,9,9,4,9,9,9,9
92,30,40,65,100,0.37,0.32,0.31,100,0.31,0.859,9,1,1,9,1,1,7,1
62,44,10,50,75,0.58,0.24,0.18,50,0.24,0.471,6,3,3,5,2,4,5,3
35,21,25,45,80,0.3,0.3,0.4,80,0.4,0.135,9,1,1,6,1,1,9,1
18,20,25,45,80,0.26,0.32,0.42,45,0.32,0.139,6,1,1,3,1,1,6,2
68,41,0,40,95,0.27,0.4,0.33,40,0.4,0.525,6,2,2,6,2,5,5,2
27,9,15,70,80,0.45,0.29,0.26,80,0.26,0.32,9,1,1,9,1,1,9,1
80,36,30,50,90,0.39,0.25,0.36,90,0.36,0.507,7,1,1,3,1,1,7,1
14,40,0,40,95,0.27,0.38,0.35,0,0.27,0.954,1,7,5,1,2,1,1,9
87,15,30,50,95,0.3,0.3,0.4,95,0.4,0.051,9,1,1,9,1,1,9,1
83,50,50,75,90,0.32,0.5,0.18,75,0.5,0.131,6,2,1,4,1,1,5,5
59,39,20,50,90,0.32,0.18,0.5,90,0.5,0.044,9,1,1,7,1,1,8,1
10,47,55,70,85,0.28,0.51,0.21,70,0.51,0.876,6,1,1,1,1,1,3,3
69,11,20,45,70,0.41,0.35,0.24,45,0.35,0.081,5,2,1,4,1,1,1,2
24,27,15,50,75,0.25,0.38,0.37,75,0.37,0.273,9,1,1,9,1,1,1,1
79,27,15,50,75,0.25,0.38,0.37,75,0.37,0.332,9,1,1,6,1,1,1,1
73,24,20,60,90,0.33,0.2,0.47,90,0.47,0.678,7,1,1,3,1,1,9,1
54,47,55,70,85,0.28,0.51,0.21,70,0.51,0.632,7,1,1,1,1,1,7,2
75,45,10,50,75,0.6,0.24,0.16,75,0.16,0.035,9,1,1,8,1,1,9,1
52,10,20,45,70,0.43,0.39,0.18,20,0.43,0.261,4,5,3,6,1,1,4,8
66,11,20,45,70,0.41,0.35,0.24,45,0.35,0.228,6,1,1,4,1,1,3,6
5,17,25,60,100,0.42,0.38,0.2,60,0.38,0.766,7,1,1,1,1,1,1,1
48,37,20,50,90,0.28,0.19,0.53,20,0.28,0.197,2,7,7,8,7,3,7,8
57,40,0,40,95,0.27,0.38,0.35,0,0.27,0.462,1,9,7,8,8,2,2,9
19,21,25,45,80,0.3,0.3,0.4,80,0.4,0.276,8,1,1,8,1,1,8,1
51,30,40,65,100,0.37,0.32,0.31,100,0.31,0.767,9,1,1,8,1,2,9,1
55,18,25,60,100,0.43,0.35,0.22,100,0.22,0.252,9,9,9,9,5,2,2,2
86,47,55,70,85,0.28,0.51,0.21,70,0.51,0.984,6,6,5,5,1,1,6,6
85,23,20,60,90,0.34,0.22,0.44,60,0.22,0.147,9,1,1,8,1,1,8,1
45,12,20,45,70,0.4,0.34,0.26,70,0.26,0.943,8,1,1,9,1,1,5,1
8,28,40,65,100,0.36,0.4,0.24,40,0.36,0.106,6,4,2,3,6,1,5,7
4,1,0,30,60,0.38,0.36,0.26,0,0.38,0.982,1,9,6,5,7,1,1,9
82,23,20,60,90,0.34,0.22,0.44,60,0.22,0.564,6,1,2,4,1,1,6,4
28,9,15,70,80,0.45,0.29,0.26,80,0.26,0.83,7,1,1,6,1,1,1,1
20,37,20,50,90,0.28,0.19,0.53,20,0.28,0.125,3,6,6,8,7,1,3,7
38,15,30,50,95,0.3,0.3,0.4,95,0.4,0.75,9,1,1,9,1,1,9,1
11,43,10,50,75,0.55,0.28,0.17,10,0.55,0.129,5,2,2,5,1,1,5,8
60,21,25,45,80,0.3,0.3,0.4,80,0.4,0.867,7,2,2,8,3,3,8,2
100,47,55,70,85,0.28,0.51,0.21,70,0.51,0.325,7,1,1,8,1,1,7,2
47,28,40,65,100,0.36,0.4,0.24,40,0.36,0.942,9,1,1,9,1,1,5,1
1,34,30,50,90,0.43,0.23,0.34,30,0.43,0.647,5,5,4,5,3,2,4,7
39,22,20,60,90,0.32,0.16,0.52,20,0.32,0.32,3,6,5,6,3,1,3,8
23,3,0,30,60,0.41,0.37,0.22,60,0.22,0.564,9,1,1,6,1,1,7,1
40,28,40,65,100,0.36,0.4,0.24,40,0.36,0.962,6,2,2,6,1,1,5,4
32,24,20,60,90,0.33,0.2,0.47,90,0.47,0.468,9,1,1,9,1,1,1,1
74,18,25,60,100,0.43,0.35,0.22,100,0.22,0.633,9,1,1,9,1,1,9,1
26,27,15,50,75,0.25,0.38,0.37,75,0.37,0.444,8,1,1,3,1,1,8,1
37,5,10,35,75,0.515,0.3,0.185,35,0.3,0.388,5,3,1,4,2,1,5,4
25,36,30,50,90,0.39,0.25,0.36,90,0.36,0.262,9,1,1,3,1,1,9,1
88,38,20,50,90,0.3,0.18,0.52,50,0.18,0.883,9,1,2,9,1,1,9,1
67,22,20,60,90,0.32,0.16,0.52,20,0.32,0.168,2,4,8,6,3,1,1,8
65,31,45,60,90,0.54,0.3,0.16,45,0.54,0.673,3,6,5,4,3,2,4,8
44,32,45,60,90,0.52,0.29,0.19,60,0.29,0.117,6,2,2,2,1,1,6,5
99,5,10,35,75,0.515,0.3,0.185,35,0.3,0.968,7,2,1,4,1,1,8,3
58,20,25,45,80,0.26,0.32,0.42,45,0.32,0.94,7,2,2,2,2,1,3,7
63,40,0,40,95,0.27,0.38,0.35,0,0.27,0.251,1,6,9,6,3,1,1,9
21,37,20,50,90,0.28,0.19,0.53,20,0.28,0.336,4,5,7,7,7,3,3,8
95,10,20,45,70,0.43,0.39,0.18,20,0.43,0.078,6,3,2,1,1,1,4,6
71,2,0,30,60,0.42,0.31,0.27,30,0.31,0.497,7,2,2,6,1,1,7,4
13,45,10,50,75,0.6,0.24,0.16,75,0.16,0.615,9,1,1,8,1,1,9,1
9,31,45,60,90,0.54,0.3,0.16,45,0.54,0.808,6,3,1,3,1,1,4,1
31,11,20,45,70,0.41,0.35,0.24,45,0.35,0.884,7,2,2,4,1,1,6,2
49,1,0,30,60,0.38,0.36,0.26,0,0.38,0.863,3,3,4,5,2,1,1,8
94,27,15,50,75,0.25,0.38,0.37,75,0.37,0.807,9,2,2,7,4,8,4,6
97,23,20,60,90,0.34,0.22,0.44,60,0.22,0.319,5,2,2,4,1,1,4,3
33,33,45,60,90,0.5,0.3,0.2,90,0.2,0.833,9,1,1,9,1,1,1,1
36,27,15,50,75,0.25,0.38,0.37,75,0.37,0.444,9,1,1,6,1,1,8,1
46,21,25,45,80,0.3,0.3,0.4,80,0.4,0.249,8,1,1,8,1,1,1,1
90,44,10,50,75,0.58,0.24,0.18,50,0.24,0.925,6,2,2,5,2,2,6,5
93,22,20,60,90,0.32,0.16,0.52,20,0.32,0.932,5,2,1,5,1,1,4,5
41,46,55,70,85,0.26,0.53,0.21,55,0.26,0.815,7,1,1,5,1,1,6,1
16,17,25,60,100,0.42,0.38,0.2,60,0.38,0.558,6,2,1,3,1,1,6,6
84,29,40,65,100,0.38,0.34,0.28,65,0.34,0.789,6,1,1,3,1,1,6,1
76,23,20,60,90,0.34,0.22,0.44,60,0.22,0.439,6,1,1,5,1,1,6,5
17,1,0,30,60,0.38,0.36,0.26,0,0.38,0.468,1,7,3,6,4,1,1,9
6,16,25,60,100,0.45,0.37,0.18,25,0.45,0.73,4,6,4,4,1,1,4,8
15,20,25,45,80,0.26,0.32,0.42,45,0.32,0.144,6,5,3,5,6,2,5,6
42,29,40,65,100,0.38,0.34,0.28,65,0.34,0.039,6,1,1,4,1,1,7,1
72,6,10,35,75,0.5,0.32,0.18,75,0.18,0.748,9,1,1,7,1,1,9,1
50,33,45,60,90,0.5,0.3,0.2,90,0.2,0.704,9,1,1,5,2,1,7,1
2,26,15,50,75,0.24,0.4,0.36,50,0.4,0.348,6,3,3,6,2,1,5,3
43,5,10,35,75,0.515,0.3,0.185,35,0.3,0.836,7,4,3,5,4,1,5,7
61,19,25,45,80,0.31,0.32,0.37,25,0.31,0.561,5,7,5,5,5,1,4,4
81,39,20,50,90,0.32,0.18,0.5,90,0.5,0.44,9,1,1,7,1,1,8,1
77,33,45,60,90,0.5,0.3,0.2,90,0.2,0.611,9,1,1,8,1,1,8,2
70,49,50,75,90,0.3,0.52,0.18,50,0.3,0.23,7,1,1,3,1,1,5,3
89,38,20,50,90,0.3,0.18,0.52,50,0.18,0.092,3,7,2,7,1,1,1,7
78,30,40,65,100,0.37,0.32,0.31,100,0.31,0.123,8,1,3,7,1,1,8,1
56,7,15,70,80,0.47,0.28,0.25,15,0.47,0.635,3,1,1,1,1,1,2,2
34,35,30,50,90,0.41,0.24,0.35,50,0.24,0.16,5,2,2,7,2,1,8,3
12,27,15,50,75,0.25,0.38,0.37,75,0.37,0.474,9,1,1,9,1,1,9,1
96,8,15,70,80,0.49,0.27,0.24,70,0.27,0.571,6,2,1,1,2,1,5,4
98,8,15,70,80,0.49,0.27,0.24,70,0.27,0.328,8,1,1,8,1,1,8,1
91,23,20,60,90,0.34,0.22,0.44,60,0.22,0.718,5,2,2,7,3,1,5,6
3,22,20,60,90,0.32,0.16,0.52,20,0.32,0.501,1,4,3,2,3,1,1,6
22,32,45,60,90,0.52,0.29,0.19,60,0.29,0.48,7,3,1,6,1,1,6,3
64,1,0,30,60,0.38,0.36,0.26,0,0.38,0.679,4,1,1,9,1,1,1,1
53,1,0,30,60,0.38,0.36,0.26,0,0.38,0.047,1,9,2,6,1,1,1,9
30,39,20,50,90,0.32,0.18,0.5,90,0.5,0.658,8,1,1,3,1,1,7,1
7,19,25,45,80,0.31,0.32,0.37,25,0.31,0.735,4,5,3,7,2,1,2,6
29,23,20,60,90,0.34,0.22,0.44,60,0.22,0.142,9,6,6,6,4,1,4,6
92,18,25,60,100,0.43,0.35,0.22,100,0.22,0.998,9,1,1,8,1,1,6,1
62,16,25,60,100,0.45,0.37,0.18,25,0.45,0.278,4,7,5,5,3,2,3,6
35,17,25,60,100,0.42,0.38,0.2,60,0.38,0.496,7,1,1,4,1,1,7,1
18,24,20,60,90,0.33,0.2,0.47,90,0.47,0.064,8,1,1,4,1,1,8,1
68,10,20,45,70,0.43,0.39,0.18,20,0.43,0.51,4,2,3,4,3,3,2,5
27,15,30,50,95,0.3,0.3,0.4,95,0.4,0.144,9,1,1,9,1,1,9,1
80,25,15,50,75,0.21,0.36,0.43,15,0.21,0.603,3,6,2,5,1,1,2,7
14,31,45,60,90,0.54,0.3,0.16,45,0.54,0.204,5,2,1,3,1,1,3,3
87,18,25,60,100,0.43,0.35,0.22,100,0.22,0.218,6,4,5,3,3,1,6,5
83,33,45,60,90,0.5,0.3,0.2,90,0.2,0.285,9,1,1,8,1,1,7,1
59,48,55,70,85,0.25,0.52,0.23,85,0.23,0.472,9,1,1,8,1,1,8,1
10,39,20,50,90,0.32,0.18,0.5,90,0.5,0.284,7,1,1,1,1,1,6,1
69,30,40,65,100,0.37,0.32,0.31,100,0.31,0.951,9,1,1,7,1,1,1,1
24,28,40,65,100,0.36,0.4,0.24,40,0.36,0.831,6,1,1,3,1,1,6,3
79,40,0,40,95,0.27,0.38,0.35,0,0.27,0.398,1,6,5,4,3,1,6,6
73,48,55,70,85,0.25,0.52,0.23,85,0.23,0.234,9,1,1,6,1,1,8,1
54,27,15,50,75,0.25,0.38,0.37,75,0.37,0.501,9,1,1,4,1,1,9,1
75,7,15,70,80,0.47,0.28,0.25,15,0.47,0.579,4,1,1,1,1,1,4,2
52,35,30,50,90,0.41,0.24,0.35,50,0.24,0.248,6,1,1,7,1,1,9,3
66,20,25,45,80,0.26,0.32,0.42,45,0.32,0.183,5,2,1,3,1,1,3,6
5,8,15,70,80,0.49,0.27,0.24,70,0.27,0.952,9,1,1,1,1,1,1,1
48,19,25,45,80,0.31,0.32,0.37,25,0.31,0.45,5,6,3,2,4,2,4,5
57,38,20,50,90,0.3,0.18,0.52,50,0.18,0.226,6,3,2,7,3,1,4,5
19,43,10,50,75,0.55,0.28,0.17,10,0.55,0.512,3,6,1,1,1,1,3,9
51,50,50,75,90,0.32,0.5,0.18,75,0.5,0.905,8,1,1,4,1,2,8,5
55,33,45,60,90,0.5,0.3,0.2,90,0.2,0.498,8,8,8,9,5,3,3,5
86,16,25,60,100,0.45,0.37,0.18,25,0.45,0.617,5,5,1,1,1,1,5,6
85,24,20,60,90,0.33,0.2,0.47,90,0.47,0.152,9,1,1,9,1,1,9,1
45,24,20,60,90,0.33,0.2,0.47,90,0.47,0.984,8,1,1,9,1,1,5,1
8,3,0,30,60,0.41,0.37,0.22,60,0.22,0.789,9,1,1,9,1,1,8,1
4,40,0,40,95,0.27,0.38,0.35,0,0.27,0.036,1,7,6,4,6,1,1,9
82,36,30,50,90,0.39,0.25,0.36,90,0.36,0.741,9,1,1,4,1,1,9,1
28,35,30,50,90,0.41,0.24,0.35,50,0.24,0.844,5,2,2,4,1,1,1,4
20,32,45,60,90,0.52,0.29,0.19,60,0.29,0.011,7,1,1,7,1,1,7,1
38,45,10,50,75,0.6,0.24,0.16,75,0.16,0.38,9,1,1,9,1,1,5,1
11,38,20,50,90,0.3,0.18,0.52,50,0.18,0.653,7,1,1,5,1,1,8,6
60,25,15,50,75,0.21,0.36,0.43,15,0.21,0.776,2,7,6,5,6,5,1,8
100,26,15,50,75,0.24,0.4,0.36,50,0.4,0.516,7,2,1,8,1,1,7,3
47,17,25,60,100,0.42,0.38,0.2,60,0.38,0.238,9,1,1,9,1,1,5,1
1,20,25,45,80,0.26,0.32,0.42,45,0.32,0.42,5,3,3,5,2,1,5,6
39,3,0,30,60,0.41,0.37,0.22,60,0.22,0.128,8,1,1,8,1,1,9,1
23,49,50,75,90,0.3,0.52,0.18,50,0.3,0.561,6,3,1,4,1,1,4,4
40,3,0,30,60,0.41,0.37,0.22,60,0.22,0.803,9,1,1,7,1,1,7,1
32,14,30,50,95,0.33,0.29,0.38,50,0.29,0.593,7,1,1,5,1,1,5,2
74,42,0,40,95,0.26,0.42,0.32,95,0.32,0.064,9,1,1,8,1,1,9,1
26,10,20,45,70,0.43,0.39,0.18,20,0.43,0.85,5,2,1,2,2,1,5,1
37,14,30,50,95,0.33,0.29,0.38,50,0.29,0.928,7,3,1,4,1,1,6,4
25,24,20,60,90,0.33,0.2,0.47,90,0.47,0.687,9,1,1,5,1,1,9,1
88,9,15,70,80,0.45,0.29,0.26,80,0.26,0.698,1,7,6,3,5,6,2,6
67,42,0,40,95,0.26,0.42,0.32,95,0.32,0.675,9,1,1,7,1,1,8,1
65,23,20,60,90,0.34,0.22,0.44,60,0.22,0.563,5,4,3,6,2,2,7,4
44,25,15,50,75,0.21,0.36,0.43,15,0.21,0.424,2,2,1,6,3,1,2,7
99,29,40,65,100,0.38,0.34,0.28,65,0.34,0.649,7,2,2,4,1,1,5,1
58,10,20,45,70,0.43,0.39,0.18,20,0.43,0.908,5,5,4,1,2,1,2,7
63,2,0,30,60,0.42,0.31,0.27,30,0.31,0.59,7,1,2,4,1,1,4,1
21,23,20,60,90,0.34,0.22,0.44,60,0.22,0.203,6,4,4,6,4,2,3,6
95,34,30,50,90,0.43,0.23,0.34,30,0.43,0.422,6,3,4,2,1,1,6,7
71,20,25,45,80,0.26,0.32,0.42,45,0.32,0.125,7,2,2,5,1,1,7,4
13,24,20,60,90,0.33,0.2,0.47,90,0.47,0.058,9,1,1,6,1,1,9,1
9,14,30,50,95,0.33,0.29,0.38,50,0.29,0.17,6,2,1,5,1,1,4,1
31,41,0,40,95,0.27,0.4,0.33,40,0.4,0.508,6,2,2,2,1,1,5,3
49,2,0,30,60,0.42,0.31,0.27,30,0.31,0.529,5,2,1,1,1,1,1,6
94,9,15,70,80,0.45,0.29,0.26,80,0.26,0.487,6,5,6,6,3,4,5,3
97,45,10,50,75,0.6,0.24,0.16,75,0.16,0.746,8,1,1,8,1,1,6,1
33,31,45,60,90,0.54,0.3,0.16,45,0.54,0.326,7,2,2,7,1,1,1,1
36,33,45,60,90,0.5,0.3,0.2,90,0.2,0.669,9,1,1,8,1,1,9,1
46,15,30,50,95,0.3,0.3,0.4,95,0.4,0.85,9,1,1,9,1,1,1,1
90,8,15,70,80,0.49,0.27,0.24,70,0.27,0.808,7,2,2,5,2,2,5,5
93,28,40,65,100,0.36,0.4,0.24,40,0.36,0.337,5,1,3,3,1,1,5,3
41,22,20,60,90,0.32,0.16,0.52,20,0.32,0.274,1,9,8,1,7,1,1,9
16,32,45,60,90,0.52,0.29,0.19,60,0.29,0.306,6,3,1,6,1,1,6,3
84,38,20,50,90,0.3,0.18,0.52,50,0.18,0.769,5,1,1,3,3,1,3,5
76,28,40,65,100,0.36,0.4,0.24,40,0.36,0.917,5,1,2,4,1,1,5,4
17,25,15,50,75,0.21,0.36,0.43,15,0.21,0.98,4,4,1,6,4,1,2,7
6,12,20,45,70,0.4,0.34,0.26,70,0.26,0.618,8,2,1,7,1,1,5,2
15,43,10,50,75,0.55,0.28,0.17,10,0.55,0.979,4,6,4,4,5,2,4,7
42,41,0,40,95,0.27,0.4,0.33,40,0.4,0.187,7,1,1,9,1,3,9,1
72,22,20,60,90,0.32,0.16,0.52,20,0.32,0.882,3,4,3,7,1,1,4,8
50,23,20,60,90,0.34,0.22,0.44,60,0.22,0.371,5,1,2,6,3,1,3,6
2,35,30,50,90,0.41,0.24,0.35,50,0.24,0.784,6,3,3,5,2,1,6,3
43,50,50,75,90,0.32,0.5,0.18,75,0.5,0.713,7,3,3,4,5,2,5,6
61,14,30,50,95,0.33,0.29,0.38,50,0.29,0.921,4,3,3,3,6,1,5,3
81,22,20,60,90,0.32,0.16,0.52,20,0.32,0.183,3,7,4,6,5,3,4,8
77,25,15,50,75,0.21,0.36,0.43,15,0.21,0.982,3,8,7,5,6,2,3,7
70,20,25,45,80,0.26,0.32,0.42,45,0.32,0.993,7,1,1,3,1,1,7,3
89,18,25,60,100,0.43,0.35,0.22,100,0.22,0.746,9,1,1,8,1,1,5,1
78,4,10,35,75,0.5,0.31,0.19,10,0.5,0.605,5,6,4,4,3,3,2,7
56,3,0,30,60,0.41,0.37,0.22,60,0.22,0.848,9,1,1,9,1,1,9,1
34,36,30,50,90,0.39,0.25,0.36,90,0.36,0.319,9,1,1,5,1,1,5,1
12,23,20,60,90,0.34,0.22,0.44,60,0.22,0.144,7,2,1,6,2,1,7,3
96,23,20,60,90,0.34,0.22,0.44,60,0.22,0.882,4,2,1,4,2,1,5,4
98,33,45,60,90,0.5,0.3,0.2,90,0.2,0.139,9,1,1,9,1,1,9,1
91,41,0,40,95,0.27,0.4,0.33,40,0.4,0.816,4,1,1,2,1,1,5,7
3,2,0,30,60,0.42,0.31,0.27,30,0.31,0.084,7,1,1,2,1,1,7,1
22,10,20,45,70,0.43,0.39,0.18,20,0.43,0.947,3,7,1,3,1,1,3,7
64,30,40,65,100,0.37,0.32,0.31,100,0.31,0.844,9,9,1,9,1,1,9,1
53,6,10,35,75,0.5,0.32,0.18,75,0.18,0.697,9,1,1,9,1,1,1,1
30,31,45,60,90,0.54,0.3,0.16,45,0.54,0.439,3,6,3,1,1,1,2,8
7,10,20,45,70,0.43,0.39,0.18,20,0.43,0.464,3,4,4,2,1,1,3,6
29,26,15,50,75,0.24,0.4,0.36,50,0.4,0.8,7,6,6,7,6,1,4,6
92,46,55,70,85,0.26,0.53,0.21,55,0.26,0.499,7,1,1,7,3,1,5,7
62,7,15,70,80,0.47,0.28,0.25,15,0.47,0.435,2,9,7,4,5,2,3,8
35,46,55,70,85,0.26,0.53,0.21,55,0.26,0.335,7,2,1,3,1,1,7,1
18,50,50,75,90,0.32,0.5,0.18,75,0.5,0.103,8,1,1,2,1,1,5,2
68,8,15,70,80,0.49,0.27,0.24,70,0.27,0.631,6,3,3,5,3,2,5,2
27,29,40,65,100,0.38,0.34,0.28,65,0.34,0.03,9,1,1,9,1,1,5,5
80,41,0,40,95,0.27,0.4,0.33,40,0.4,0.697,5,2,1,2,1,1,4,3
14,17,25,60,100,0.42,0.38,0.2,60,0.38,0.136,7,1,1,4,1,1,4,2
87,23,20,60,90,0.34,0.22,0.44,60,0.22,0.4,9,1,1,9,1,1,9,1
83,15,30,50,95,0.3,0.3,0.4,95,0.4,0.753,9,1,1,7,1,1,9,1
59,19,25,45,80,0.31,0.32,0.37,25,0.31,0.19,7,2,1,5,1,1,7,3
10,4,10,35,75,0.5,0.31,0.19,10,0.5,0.731,2,3,1,1,1,1,1,7
69,45,10,50,75,0.6,0.24,0.16,75,0.16,0.015,9,1,1,7,1,1,1,1
24,37,20,50,90,0.28,0.19,0.53,20,0.28,0.12,5,3,1,5,1,1,3,4
79,19,25,45,80,0.31,0.32,0.37,25,0.31,0.887,5,2,2,4,2,1,4,5
73,46,55,70,85,0.26,0.53,0.21,55,0.26,0.775,3,1,1,6,1,1,3,1
54,11,20,45,70,0.41,0.35,0.24,45,0.35,0.718,7,2,1,3,1,1,7,3
75,19,25,45,80,0.31,0.32,0.37,25,0.31,0.33,4,1,1,4,1,1,4,2
52,48,55,70,85,0.25,0.52,0.23,85,0.23,0.386,9,1,1,8,1,1,9,1
66,12,20,45,70,0.4,0.34,0.26,70,0.26,0.456,3,3,1,2,1,1,3,8
5,48,55,70,85,0.25,0.52,0.23,85,0.23,0.524,9,1,1,6,1,1,1,1
48,39,20,50,90,0.32,0.18,0.5,90,0.5,0.273,9,1,1,6,1,1,1,1
57,26,15,50,75,0.24,0.4,0.36,50,0.4,0.575,7,1,1,5,1,1,5,3
19,42,0,40,95,0.26,0.42,0.32,95,0.32,0.918,9,1,1,9,1,1,8,1
51,38,20,50,90,0.3,0.18,0.52,50,0.18,0.417,8,1,1,6,1,2,6,5
55,37,20,50,90,0.28,0.19,0.53,20,0.28,0.47,3,1,2,3,7,6,6,8
86,1,0,30,60,0.38,0.36,0.26,0,0.38,0.183,1,6,5,3,5,1,1,7
85,30,40,65,100,0.37,0.32,0.31,100,0.31,0.058,9,1,1,9,1,1,9,9
45,44,10,50,75,0.58,0.24,0.18,50,0.24,0.448,7,1,1,8,2,1,7,2
8,14,30,50,95,0.33,0.29,0.38,50,0.29,0.918,7,1,2,7,2,1,7,2
4,4,10,35,75,0.5,0.31,0.19,10,0.5,0.947,3,6,4,5,5,1,3,7
82,5,10,35,75,0.515,0.3,0.185,35,0.3,0.144,4,2,1,4,1,1,5,4
28,25,15,50,75,0.21,0.36,0.43,15,0.21,0.42,3,4,2,2,2,1,1,5
20,49,50,75,90,0.3,0.52,0.18,50,0.3,0.926,4,3,2,7,2,1,3,3
38,48,55,70,85,0.25,0.52,0.23,85,0.23,0.385,9,1,1,9,1,1,7,1
11,21,25,45,80,0.3,0.3,0.4,80,0.4,0.725,8,1,1,8,1,1,9,1
60,7,15,70,80,0.47,0.28,0.25,15,0.47,0.333,3,7,5,6,4,6,4,3
100,28,40,65,100,0.36,0.4,0.24,40,0.36,0.742,5,3,1,7,1,1,5,4
47,40,0,40,95,0.27,0.38,0.35,0,0.27,0.389,1,9,5,1,1,1,1,5
1,26,15,50,75,0.24,0.4,0.36,50,0.4,0.528,6,5,1,5,2,1,6,5
39,19,25,45,80,0.31,0.32,0.37,25,0.31,0.845,3,7,3,4,3,1,3,7
23,47,55,70,85,0.28,0.51,0.21,70,0.51,0.656,6,3,1,5,1,1,5,3
40,27,15,50,75,0.25,0.38,0.37,75,0.37,0.179,9,1,1,7,1,1,9,1
32,39,20,50,90,0.32,0.18,0.5,90,0.5,0.082,9,1,1,4,1,1,7,1
74,11,20,45,70,0.41,0.35,0.24,45,0.35,0.565,7,2,1,3,1,1,8,2
26,41,0,40,95,0.27,0.4,0.33,40,0.4,0.234,6,2,1,2,1,1,6,2
37,41,0,40,95,0.27,0.4,0.33,40,0.4,0.54,8,2,1,2,1,1,5,3
25,14,30,50,95,0.33,0.29,0.38,50,0.29,0.519,5,2,1,4,2,1,7,4
88,5,10,35,75,0.515,0.3,0.185,35,0.3,0.958,5,4,3,3,5,1,5,4
67,30,40,65,100,0.37,0.32,0.31,100,0.31,0.704,9,1,1,7,1,1,8,1
65,36,30,50,90,0.39,0.25,0.36,90,0.36,0.985,9,1,2,8,6,2,9,1
44,26,15,50,75,0.24,0.4,0.36,50,0.4,0.174,6,2,2,5,2,1,5,5
99,20,25,45,80,0.26,0.32,0.42,45,0.32,0.839,7,2,2,4,1,1,7,2
58,11,20,45,70,0.41,0.35,0.24,45,0.35,0.973,6,4,2,2,2,1,4,5
63,46,55,70,85,0.26,0.53,0.21,55,0.26,0.776,8,1,1,6,1,1,5,1
21,46,55,70,85,0.26,0.53,0.21,55,0.26,0.567,6,4,5,7,4,2,2,4
95,19,25,45,80,0.31,0.32,0.37,25,0.31,0.159,6,3,2,3,1,1,7,6
71,8,15,70,80,0.49,0.27,0.24,70,0.27,0.67,7,2,1,7,1,1,7,1
13,38,20,50,90,0.3,0.18,0.52,50,0.18,0.644,6,3,2,6,3,1,5,4
9,39,20,50,90,0.32,0.18,0.5,90,0.5,0.809,9,1,1,4,1,1,9,1
31,26,15,50,75,0.24,0.4,0.36,50,0.4,0.055,6,2,2,3,1,1,6,2
49,38,20,50,90,0.3,0.18,0.52,50,0.18,0.733,6,3,3,6,1,1,4,7
94,39,20,50,90,0.32,0.18,0.5,90,0.5,0.559,7,7,5,6,6,4,3,5
97,11,20,45,70,0.41,0.35,0.24,45,0.35,0.006,6,2,1,4,1,1,5,2
33,24,20,60,90,0.33,0.2,0.47,90,0.47,0.092,9,1,1,9,1,1,1,1
36,2,0,30,60,0.42,0.31,0.27,30,0.31,0.737,8,1,1,8,1,1,7,1
46,47,55,70,85,0.28,0.51,0.21,70,0.51,0.153,7,1,1,7,1,1,1,3
90,50,50,75,90,0.32,0.5,0.18,75,0.5,0.81,6,2,2,5,2,2,5,4
93,21,25,45,80,0.3,0.3,0.4,80,0.4,0.054,7,1,1,5,1,1,7,1
41,19,25,45,80,0.31,0.32,0.37,25,0.31,0.732,6,1,1,3,1,1,5,3
16,22,20,60,90,0.32,0.16,0.52,20,0.32,0.37,2,7,4,3,7,2,2,8
84,33,45,60,90,0.5,0.3,0.2,90,0.2,0.387,9,1,1,6,1,1,9,1
76,37,20,50,90,0.28,0.19,0.53,20,0.28,0.929,4,2,2,4,1,1,4,5
17,22,20,60,90,0.32,0.16,0.52,20,0.32,0.054,2,3,2,7,3,1,2,6
6,25,15,50,75,0.21,0.36,0.43,15,0.21,0.442,5,7,2,4,1,1,4,7
15,22,20,60,90,0.32,0.16,0.52,20,0.32,0.559,2,8,7,6,7,3,4,9
42,46,55,70,85,0.26,0.53,0.21,55,0.26,0.924,6,1,1,1,1,1,9,1
72,18,25,60,100,0.43,0.35,0.22,100,0.22,0.843,9,1,1,8,1,1,9,1
50,43,10,50,75,0.55,0.28,0.17,10,0.55,0.864,5,3,1,2,3,1,4,4
2,27,15,50,75,0.25,0.38,0.37,75,0.37,0.005,8,1,1,7,1,1,6,1
43,31,45,60,90,0.54,0.3,0.16,45,0.54,0.511,6,7,7,3,6,2,5,8
61,40,0,40,95,0.27,0.38,0.35,0,0.27,0.41,1,8,7,7,7,1,1,8
81,15,30,50,95,0.3,0.3,0.4,95,0.4,0.86,9,1,1,7,1,1,8,3
77,31,45,60,90,0.54,0.3,0.16,45,0.54,0.601,6,5,6,3,5,2,3,7
70,16,25,60,100,0.45,0.37,0.18,25,0.45,0.446,5,1,1,2,1,1,4,6
89,48,55,70,85,0.25,0.52,0.23,85,0.23,0.432,9,1,1,6,1,1,4,1
78,39,20,50,90,0.32,0.18,0.5,90,0.5,0.323,6,2,2,2,2,2,7,3
56,14,30,50,95,0.33,0.29,0.38,50,0.29,0.96,4,2,1,1,1,1,5,3
34,13,30,50,95,0.31,0.25,0.44,30,0.31,0.63,4,5,6,7,4,1,4,6
12,13,30,50,95,0.31,0.25,0.44,30,0.31,0.828,3,6,4,3,5,2,3,8
96,27,15,50,75,0.25,0.38,0.37,75,0.37,0.868,6,1,1,7,1,1,5,1
98,38,20,50,90,0.3,0.18,0.52,50,0.18,0.499,8,1,1,6,1,1,8,1
91,22,20,60,90,0.32,0.16,0.52,20,0.32,0.449,2,3,4,9,8,1,4,9
3,1,0,30,60,0.38,0.36,0.26,0,0.38,0.408,1,5,3,1,3,1,1,7
22,14,30,50,95,0.33,0.29,0.38,50,0.29,0.738,4,7,3,6,1,1,3,8
64,20,25,45,80,0.26,0.32,0.42,45,0.32,0.145,9,1,1,9,1,1,9,1
53,7,15,70,80,0.47,0.28,0.25,15,0.47,0.439,1,4,1,2,1,1,1,4
30,5,10,35,75,0.515,0.3,0.185,35,0.3,0.906,5,2,1,1,1,1,3,6
7,35,30,50,90,0.41,0.24,0.35,50,0.24,0.402,5,2,2,4,1,1,6,4
29,40,0,40,95,0.27,0.38,0.35,0,0.27,0.595,1,9,9,9,9,9,9,9
92,26,15,50,75,0.24,0.4,0.36,50,0.4,0.861,8,1,1,8,2,1,5,5
62,23,20,60,90,0.34,0.22,0.44,60,0.22,0.33,6,2,1,3,1,2,5,3
35,15,30,50,95,0.3,0.3,0.4,95,0.4,0.488,9,1,1,5,1,1,9,1
18,48,55,70,85,0.25,0.52,0.23,85,0.23,0.572,9,1,1,7,1,1,9,1
68,26,15,50,75,0.24,0.4,0.36,50,0.4,0.683,5,3,3,5,3,3,5,3
27,36,30,50,90,0.39,0.25,0.36,90,0.36,0.366,9,1,1,9,1,1,9,1
80,9,15,70,80,0.45,0.29,0.26,80,0.26,0.977,7,1,1,4,1,1,7,1
14,5,10,35,75,0.515,0.3,0.185,35,0.3,0.859,5,1,1,3,1,1,3,2
87,34,30,50,90,0.43,0.23,0.34,30,0.43,0.167,6,1,4,5,5,1,6,5
83,46,55,70,85,0.26,0.53,0.21,55,0.26,0.471,5,1,1,6,1,1,6,4
59,33,45,60,90,0.5,0.3,0.2,90,0.2,0.57,9,1,1,8,1,1,8,1
10,12,20,45,70,0.4,0.34,0.26,70,0.26,0.301,6,1,1,1,1,1,6,1
69,42,0,40,95,0.26,0.42,0.32,95,0.32,0.946,9,1,1,6,1,1,1,1
24,5,10,35,75,0.515,0.3,0.185,35,0.3,0.323,6,2,1,6,1,1,7,4
79,20,25,45,80,0.26,0.32,0.42,45,0.32,0.794,6,2,1,4,2,1,4,3
73,34,30,50,90,0.43,0.23,0.34,30,0.43,0.652,3,1,1,1,1,1,3,4
54,1,0,30,60,0.38,0.36,0.26,0,0.38,0.373,1,8,3,3,5,1,2,8
75,17,25,60,100,0.42,0.38,0.2,60,0.38,0.292,6,1,1,5,1,1,6,1
52,30,40,65,100,0.37,0.32,0.31,100,0.31,0.739,9,1,1,7,1,1,9,1
66,3,0,30,60,0.41,0.37,0.22,60,0.22,0.073,7,1,1,5,1,1,8,1
5,19,25,45,80,0.31,0.32,0.37,25,0.31,0.333,4,3,1,1,1,1,1,6
48,25,15,50,75,0.21,0.36,0.43,15,0.21,0.586,2,8,6,8,7,3,6,7
57,4,10,35,75,0.5,0.31,0.19,10,0.5,0.58,3,5,2,3,2,1,3,6
19,19,25,45,80,0.31,0.32,0.37,25,0.31,0.074,3,5,4,7,1,1,4,7
51,35,30,50,90,0.41,0.24,0.35,50,0.24,0.333,8,1,1,7,1,2,6,4
55,1,0,30,60,0.38,0.36,0.26,0,0.38,0.386,1,1,1,9,9,9,9,9
86,33,45,60,90,0.5,0.3,0.2,90,0.2,0.598,9,1,1,9,1,1,9,1
85,21,25,45,80,0.3,0.3,0.4,80,0.4,0.301,9,1,1,9,1,1,8,1
45,33,45,60,90,0.5,0.3,0.2,90,0.2,0.533,8,1,1,9,1,1,6,1
8,13,30,50,95,0.31,0.25,0.44,30,0.31,0.231,6,6,5,4,7,2,2,8
4,15,30,50,95,0.3,0.3,0.4,95,0.4,0.121,9,1,1,7,1,1,9,1
82,14,30,50,95,0.33,0.29,0.38,50,0.29,0.332,5,3,2,3,1,1,6,3
28,20,25,45,80,0.26,0.32,0.42,45,0.32,0.845,3,4,2,2,1,1,2,5
20,13,30,50,95,0.31,0.25,0.44,30,0.31,0.467,3,6,2,3,2,1,2,6
38,21,25,45,80,0.3,0.3,0.4,80,0.4,0.561,9,1,1,7,1,1,5,1
11,18,25,60,100,0.43,0.35,0.22,100,0.22,0.995,9,1,1,8,1,1,9,1
60,44,10,50,75,0.58,0.24,0.18,50,0.24,0.287,6,4,3,6,4,3,5,6
100,15,30,50,95,0.3,0.3,0.4,95,0.4,0.292,9,1,1,9,1,1,9,1
47,41,0,40,95,0.27,0.4,0.33,40,0.4,0.071,9,1,1,5,1,1,5,1
1,44,10,50,75,0.58,0.24,0.18,50,0.24,0.712,8,2,1,8,1,1,4,4
39,43,10,50,75,0.55,0.28,0.17,10,0.55,0.378,3,7,6,2,3,1,1,7
23,33,45,60,90,0.5,0.3,0.2,90,0.2,0.703,9,1,1,7,1,1,7,1
40,14,30,50,95,0.33,0.29,0.38,50,0.29,0.923,7,2,1,5,1,1,6,4
32,44,10,50,75,0.58,0.24,0.18,50,0.24,0.66,6,1,1,4,1,1,5,1
74,20,25,45,80,0.26,0.32,0.42,45,0.32,0.909,7,2,1,4,2,1,7,3
26,47,55,70,85,0.28,0.51,0.21,70,0.51,0.428,7,1,1,2,1,1,7,2
37,33,45,60,90,0.5,0.3,0.2,90,0.2,0.788,9,1,1,8,1,1,9,1
25,32,45,60,90,0.52,0.29,0.19,60,0.29,0.508,5,1,1,5,1,1,6,5
88,33,45,60,90,0.5,0.3,0.2,90,0.2,0.561,6,1,1,1,1,1,4,1
67,16,25,60,100,0.45,0.37,0.18,25,0.45,0.769,3,6,5,3,2,1,3,6
65,4,10,35,75,0.5,0.31,0.19,10,0.5,0.763,1,8,6,5,2,1,1,8
44,6,10,35,75,0.5,0.32,0.18,75,0.18,0.87,9,1,1,6,1,1,7,1
99,25,15,50,75,0.21,0.36,0.43,15,0.21,0.823,4,5,3,6,1,1,5,8
58,35,30,50,90,0.41,0.24,0.35,50,0.24,0.261,7,3,2,2,2,1,7,3
63,11,20,45,70,0.41,0.35,0.24,45,0.35,0.345,5,2,1,3,1,1,6,4
21,21,25,45,80,0.3,0.3,0.4,80,0.4,0.368,9,1,1,7,1,3,4,1
95,28,40,65,100,0.36,0.4,0.24,40,0.36,0.71,6,4,5,3,1,1,5,6
71,32,45,60,90,0.52,0.29,0.19,60,0.29,0.424,7,2,2,6,1,1,7,3
13,19,25,45,80,0.31,0.32,0.37,25,0.31,0.548,2,7,6,5,7,2,3,7
9,32,45,60,90,0.52,0.29,0.19,60,0.29,0.647,7,2,1,6,1,1,5,3
31,39,20,50,90,0.32,0.18,0.5,90,0.5,0.179,8,1,1,3,1,1,8,1
49,42,0,40,95,0.26,0.42,0.32,95,0.32,0.55,6,1,1,5,1,1,6,3
94,42,0,40,95,0.26,0.42,0.32,95,0.32,0.762,7,6,7,3,4,6,5,6
97,1,0,30,60,0.38,0.36,0.26,0,0.38,0.811,1,9,9,5,3,1,1,8
33,37,20,50,90,0.28,0.19,0.53,20,0.28,0.08,7,4,3,6,1,1,1,7
36,5,10,35,75,0.515,0.3,0.185,35,0.3,0.431,9,1,1,5,1,1,5,1
46,23,20,60,90,0.34,0.22,0.44,60,0.22,0.65,7,1,1,6,1,1,1,2
90,17,25,60,100,0.42,0.38,0.2,60,0.38,0.33,6,2,2,5,2,2,5,6
93,37,20,50,90,0.28,0.19,0.53,20,0.28,0.895,5,1,1,3,1,1,5,3
41,39,20,50,90,0.32,0.18,0.5,90,0.5,0.547,9,1,1,7,1,1,9,1
16,27,15,50,75,0.25,0.38,0.37,75,0.37,0.911,7,2,1,7,1,1,8,3
84,36,30,50,90,0.39,0.25,0.36,90,0.36,0.156,9,1,1,7,1,1,9,1
76,25,15,50,75,0.21,0.36,0.43,15,0.21,0.541,4,2,2,4,1,1,3,7
17,10,20,45,70,0.43,0.39,0.18,20,0.43,0.971,3,4,2,3,3,1,3,5
6,20,25,45,80,0.26,0.32,0.42,45,0.32,0.524,5,4,1,4,1,1,6,5
15,49,50,75,90,0.3,0.52,0.18,50,0.3,0.724,3,6,5,6,6,3,4,8
42,23,20,60,90,0.34,0.22,0.44,60,0.22,0.167,7,1,1,9,1,1,8,2
72,27,15,50,75,0.25,0.38,0.37,75,0.37,0.629,9,1,1,5,1,1,9,1
50,40,0,40,95,0.27,0.38,0.35,0,0.27,0.838,2,5,5,6,5,1,2,9
2,43,10,50,75,0.55,0.28,0.17,10,0.55,0.306,2,6,6,3,6,1,2,7
43,34,30,50,90,0.43,0.23,0.34,30,0.43,0.624,3,8,6,4,8,2,3,8
61,44,10,50,75,0.58,0.24,0.18,50,0.24,0.167,7,1,1,3,2,2,6,3
81,46,55,70,85,0.26,0.53,0.21,55,0.26,0.116,5,4,6,4,4,5,6,5
77,43,10,50,75,0.55,0.28,0.17,10,0.55,0.092,2,8,8,2,7,2,2,9
70,33,45,60,90,0.5,0.3,0.2,90,0.2,0.894,9,1,1,9,1,1,9,1
89,4,10,35,75,0.5,0.31,0.19,10,0.5,0.455,1,8,2,1,2,1,1,8
78,41,0,40,95,0.27,0.4,0.33,40,0.4,0.448,6,2,2,2,2,2,4,4
56,36,30,50,90,0.39,0.25,0.36,90,0.36,0.734,9,1,1,7,1,1,9,1
34,37,20,50,90,0.28,0.19,0.53,20,0.28,0.616,3,4,6,7,5,1,2,5
12,16,25,60,100,0.45,0.37,0.18,25,0.45,0.528,3,6,2,4,6,1,4,7
96,22,20,60,90,0.32,0.16,0.52,20,0.32,0.51,2,5,5,6,6,1,2,7
98,39,20,50,90,0.32,0.18,0.5,90,0.5,0.053,9,1,1,9,1,1,9,1
91,26,15,50,75,0.24,0.4,0.36,50,0.4,0.75,6,2,2,4,3,1,6,3
3,9,15,70,80,0.45,0.29,0.26,80,0.26,0.479,9,1,1,9,1,1,9,1
22,5,10,35,75,0.515,0.3,0.185,35,0.3,0.387,6,3,1,5,1,1,4,4
64,50,50,75,90,0.32,0.5,0.18,75,0.5,0.341,9,1,1,9,1,1,9,1
53,48,55,70,85,0.25,0.52,0.23,85,0.23,0.236,9,1,1,6,1,1,1,1
30,21,25,45,80,0.3,0.3,0.4,80,0.4,0.423,9,1,1,7,1,1,8,1
7,4,10,35,75,0.5,0.31,0.19,10,0.5,0.825,2,3,4,2,2,1,1,6
29,38,20,50,90,0.3,0.18,0.52,50,0.18,0.289,8,5,2,6,5,1,1,4
92,20,25,45,80,0.26,0.32,0.42,45,0.32,0.632,7,1,1,7,2,1,5,7
62,46,55,70,85,0.26,0.53,0.21,55,0.26,0.29,5,3,2,3,1,1,5,4
35,33,45,60,90,0.5,0.3,0.2,90,0.2,0.75,9,1,1,7,1,1,9,1
18,29,40,65,100,0.38,0.34,0.28,65,0.34,0.266,7,1,1,3,1,1,7,1
68,17,25,60,100,0.42,0.38,0.2,60,0.38,0.37,5,3,3,4,4,4,5,4
27,31,45,60,90,0.54,0.3,0.16,45,0.54,0.795,9,1,1,9,1,1,5,5
80,33,45,60,90,0.5,0.3,0.2,90,0.2,0.385,9,1,1,6,1,1,9,1
14,18,25,60,100,0.43,0.35,0.22,100,0.22,0.363,9,1,1,7,1,1,5,1
87,6,10,35,75,0.5,0.32,0.18,75,0.18,0.303,6,4,4,4,4,1,6,5
83,48,55,70,85,0.25,0.52,0.23,85,0.23,0.498,8,1,1,7,1,1,9,1
59,16,25,60,100,0.45,0.37,0.18,25,0.45,0.065,7,1,1,4,1,1,4,3
10,30,40,65,100,0.37,0.32,0.31,100,0.31,0.012,7,1,1,1,1,1,6,1
69,28,40,65,100,0.36,0.4,0.24,40,0.36,0.857,6,2,1,3,1,1,5,1
24,48,55,70,85,0.25,0.52,0.23,85,0.23,0.807,9,1,1,9,1,1,9,1
79,25,15,50,75,0.21,0.36,0.43,15,0.21,0.795,4,2,2,7,3,1,4,6
73,4,10,35,75,0.5,0.31,0.19,10,0.5,0.331,2,4,1,1,1,1,2,6
54,35,30,50,90,0.41,0.24,0.35,50,0.24,0.833,4,2,2,3,2,1,4,6
75,35,30,50,90,0.41,0.24,0.35,50,0.24,0.259,7,1,1,4,1,1,7,1
52,9,15,70,80,0.45,0.29,0.26,80,0.26,0.875,9,1,1,6,1,1,9,1
66,42,0,40,95,0.26,0.42,0.32,95,0.32,0.895,9,1,1,7,1,1,7,1
5,29,40,65,100,0.38,0.34,0.28,65,0.34,0.349,6,2,1,1,1,1,1,3
48,14,30,50,95,0.33,0.29,0.38,50,0.29,0.154,7,3,3,6,3,3,3,3
57,31,45,60,90,0.54,0.3,0.16,45,0.54,0.992,5,2,1,2,2,1,4,6
19,7,15,70,80,0.47,0.28,0.25,15,0.47,0.587,3,8,5,3,2,1,4,7
51,24,20,60,90,0.33,0.2,0.47,90,0.47,0.452,9,1,1,7,1,2,9,1
55,45,10,50,75,0.6,0.24,0.16,75,0.16,0.111,6,6,8,5,4,2,3,5
86,14,30,50,95,0.33,0.29,0.38,50,0.29,0.151,6,5,3,3,2,1,5,5
85,42,0,40,95,0.26,0.42,0.32,95,0.32,0.349,9,1,1,9,1,1,9,1
45,4,10,35,75,0.5,0.31,0.19,10,0.5,0.726,3,3,3,1,5,1,3,8
8,6,10,35,75,0.5,0.32,0.18,75,0.18,0.205,9,1,1,9,1,1,8,1
4,46,55,70,85,0.26,0.53,0.21,55,0.26,0.975,6,4,3,5,4,1,6,5
82,2,0,30,60,0.42,0.31,0.27,30,0.31,0.347,5,3,2,5,1,1,5,4
28,15,30,50,95,0.3,0.3,0.4,95,0.4,0.735,8,1,1,6,1,1,1,1
20,44,10,50,75,0.58,0.24,0.18,50,0.24,0.495,7,1,1,7,1,1,7,1
38,36,30,50,90,0.39,0.25,0.36,90,0.36,0.834,9,1,1,9,1,1,9,1
11,26,15,50,75,0.24,0.4,0.36,50,0.4,0.75,7,2,2,6,1,1,7,6
60,12,20,45,70,0.4,0.34,0.26,70,0.26,0.305,4,3,5,6,4,3,3,2
100,49,50,75,90,0.3,0.52,0.18,50,0.3,0.17,6,2,1,5,1,1,6,3
47,47,55,70,85,0.28,0.51,0.21,70,0.51,0.205,9,1,1,9,1,1,6,1
1,7,15,70,80,0.47,0.28,0.25,15,0.47,0.236,3,8,6,4,4,1,2,8
39,12,20,45,70,0.4,0.34,0.26,70,0.26,0.677,9,1,1,6,1,1,9,1
23,14,30,50,95,0.33,0.29,0.38,50,0.29,0.355,5,1,1,6,1,1,6,4
40,33,45,60,90,0.5,0.3,0.2,90,0.2,0.441,9,1,1,9,1,1,9,1
32,12,20,45,70,0.4,0.34,0.26,70,0.26,0.766,7,1,1,3,1,1,5,1
74,38,20,50,90,0.3,0.18,0.52,50,0.18,0.839,5,5,2,7,4,1,2,7
26,46,55,70,85,0.26,0.53,0.21,55,0.26,0.899,4,3,2,2,2,1,4,3
37,11,20,45,70,0.41,0.35,0.24,45,0.35,0.379,5,2,1,3,1,1,5,3
25,33,45,60,90,0.5,0.3,0.2,90,0.2,0.715,9,1,1,7,1,1,9,1
88,6,10,35,75,0.5,0.32,0.18,75,0.18,0.236,9,1,1,9,1,1,9,1
67,25,15,50,75,0.21,0.36,0.43,15,0.21,0.696,2,7,8,8,4,1,2,9
65,44,10,50,75,0.58,0.24,0.18,50,0.24,0.033,6,4,2,2,2,1,7,4
44,13,30,50,95,0.31,0.25,0.44,30,0.31,0.67,4,7,6,7,6,1,1,9
99,14,30,50,95,0.33,0.29,0.38,50,0.29,0.234,7,2,2,6,1,1,7,2
58,37,20,50,90,0.28,0.19,0.53,20,0.28,0.511,3,4,3,2,3,1,2,8
63,20,25,45,80,0.26,0.32,0.42,45,0.32,0.234,6,4,3,3,5,5,4,1
21,31,45,60,90,0.54,0.3,0.16,45,0.54,0.862,6,3,3,5,3,2,4,5
95,29,40,65,100,0.38,0.34,0.28,65,0.34,0.734,7,5,3,5,1,1,6,5
71,50,50,75,90,0.32,0.5,0.18,75,0.5,0.7,8,1,1,1,1,1,8,2
13,6,10,35,75,0.5,0.32,0.18,75,0.18,0.24,9,1,1,8,1,1,9,1
9,4,10,35,75,0.5,0.31,0.19,10,0.5,0.162,4,3,2,1,4,1,4,5
31,49,50,75,90,0.3,0.52,0.18,50,0.3,0.431,4,4,3,4,3,1,3,6
49,29,40,65,100,0.38,0.34,0.28,65,0.34,0.14,6,2,2,4,1,1,6,5
94,21,25,45,80,0.3,0.3,0.4,80,0.4,0.844,4,6,5,6,6,5,7,6
97,14,30,50,95,0.33,0.29,0.38,50,0.29,0.677,6,2,1,4,1,1,4,3
33,40,0,40,95,0.27,0.38,0.35,0,0.27,0.435,1,9,7,7,6,1,1,9
36,20,25,45,80,0.26,0.32,0.42,45,0.32,0.467,9,1,1,6,1,1,7,1
46,50,50,75,90,0.32,0.5,0.18,75,0.5,0.181,8,3,2,5,1,1,1,4
90,27,15,50,75,0.25,0.38,0.37,75,0.37,0.379,7,4,3,3,6,3,6,6
93,3,0,30,60,0.41,0.37,0.22,60,0.22,0.904,9,1,1,7,1,1,9,1
41,12,20,45,70,0.4,0.34,0.26,70,0.26,0.215,8,1,1,6,1,1,8,1
16,49,50,75,90,0.3,0.52,0.18,50,0.3,0.189,3,6,7,3,7,1,1,7
84,24,20,60,90,0.33,0.2,0.47,90,0.47,0.891,9,1,1,6,1,1,9,1
76,16,25,60,100,0.45,0.37,0.18,25,0.45,0.776,4,2,2,3,1,1,4,5
17,50,50,75,90,0.32,0.5,0.18,75,0.5,0.726,7,2,1,5,1,1,7,2
6,44,10,50,75,0.58,0.24,0.18,50,0.24,0.241,8,2,2,7,1,1,6,3
15,19,25,45,80,0.31,0.32,0.37,25,0.31,0.857,3,6,5,5,6,3,4,7
42,50,50,75,90,0.32,0.5,0.18,75,0.5,0.034,8,1,1,4,1,1,9,1
72,46,55,70,85,0.26,0.53,0.21,55,0.26,0.864,3,4,3,5,1,1,4,7
50,17,25,60,100,0.42,0.38,0.2,60,0.38,0.399,6,2,3,3,2,1,5,4
2,24,20,60,90,0.33,0.2,0.47,90,0.47,0.414,8,1,1,3,1,1,6,1
43,19,25,45,80,0.31,0.32,0.37,25,0.31,0.746,2,8,8,7,8,3,3,8
61,31,45,60,90,0.54,0.3,0.16,45,0.54,0.579,4,3,5,3,1,1,5,3
81,12,20,45,70,0.4,0.34,0.26,70,0.26,0.647,9,1,1,5,1,1,9,1
77,35,30,50,90,0.41,0.24,0.35,50,0.24,0.255,6,3,4,4,3,1,5,5
70,32,45,60,90,0.52,0.29,0.19,60,0.29,0.551,8,1,1,7,1,1,8,1
89,26,15,50,75,0.24,0.4,0.36,50,0.4,0.83,5,2,1,2,1,1,2,3
78,23,20,60,90,0.34,0.22,0.44,60,0.22,0.377,3,5,3,3,3,3,3,6
56,32,45,60,90,0.52,0.29,0.19,60,0.29,0.163,5,1,1,1,1,1,5,1
34,22,20,60,90,0.32,0.16,0.52,20,0.32,0.448,2,4,8,8,6,1,2,7
12,44,10,50,75,0.58,0.24,0.18,50,0.24,0.461,7,2,1,5,2,1,6,3
96,24,20,60,90,0.33,0.2,0.47,90,0.47,0.742,6,1,1,4,1,1,5,1
98,18,25,60,100,0.43,0.35,0.22,100,0.22,0.788,9,1,1,9,1,1,9,1
91,16,25,60,100,0.45,0.37,0.18,25,0.45,0.554,2,3,3,2,3,1,3,8
3,26,15,50,75,0.24,0.4,0.36,50,0.4,0.458,6,2,1,2,1,1,6,3
22,13,30,50,95,0.31,0.25,0.44,30,0.31,0.319,2,7,1,7,1,1,2,8
64,24,20,60,90,0.33,0.2,0.47,90,0.47,0.113,9,1,1,9,1,1,9,1
53,10,20,45,70,0.43,0.39,0.18,20,0.43,0.136,1,3,1,1,1,1,1,4
30,24,20,60,90,0.33,0.2,0.47,90,0.47,0.131,9,1,1,3,1,1,7,1
7,5,10,35,75,0.515,0.3,0.185,35,0.3,0.562,5,2,2,4,1,1,6,5
29,11,20,45,70,0.41,0.35,0.24,45,0.35,0.359,5,5,5,5,4,1,1,1
92,32,45,60,90,0.52,0.29,0.19,60,0.29,0.466,8,1,1,7,2,1,5,7
62,25,15,50,75,0.21,0.36,0.43,15,0.21,0.42,2,9,6,3,6,4,4,7
35,34,30,50,90,0.43,0.23,0.34,30,0.43,0.151,6,2,1,4,1,1,7,2
18,22,20,60,90,0.32,0.16,0.52,20,0.32,0.95,2,3,3,7,1,1,1,9
68,2,0,30,60,0.42,0.31,0.27,30,0.31,0.183,4,4,3,3,3,4,4,4
27,22,20,60,90,0.32,0.16,0.52,20,0.32,0.394,9,1,1,9,1,1,2,8
80,1,0,30,60,0.38,0.36,0.26,0,0.38,0.19,1,6,2,3,2,1,1,7
14,50,50,75,90,0.32,0.5,0.18,75,0.5,0.955,7,1,1,5,1,1,5,1
87,17,25,60,100,0.42,0.38,0.2,60,0.38,0.704,9,1,1,9,1,1,9,1
83,17,25,60,100,0.42,0.38,0.2,60,0.38,0.78,7,1,1,5,1,1,7,4
59,50,50,75,90,0.32,0.5,0.18,75,0.5,0.013,8,1,1,6,1,1,6,3
10,41,0,40,95,0.27,0.4,0.33,40,0.4,0.96,4,1,1,1,1,1,2,6
69,26,15,50,75,0.24,0.4,0.36,50,0.4,0.025,7,1,1,3,1,1,4,1
24,10,20,45,70,0.43,0.39,0.18,20,0.43,0.486,5,2,1,2,1,1,3,3
79,5,10,35,75,0.515,0.3,0.185,35,0.3,0.097,7,2,1,7,2,1,4,3
73,6,10,35,75,0.5,0.32,0.18,75,0.18,0.602,6,1,1,7,1,1,7,1
54,44,10,50,75,0.58,0.24,0.18,50,0.24,0.729,8,1,1,5,1,1,8,2
75,41,0,40,95,0.27,0.4,0.33,40,0.4,0.176,6,1,1,4,1,1,6,1
52,27,15,50,75,0.25,0.38,0.37,75,0.37,0.67,9,1,1,1,1,1,9,1
66,41,0,40,95,0.27,0.4,0.33,40,0.4,0.222,5,1,1,4,1,1,5,2
5,3,0,30,60,0.41,0.37,0.22,60,0.22,0.089,9,1,1,4,1,1,1,1
48,35,30,50,90,0.41,0.24,0.35,50,0.24,0.493,7,3,3,3,3,3,5,5
57,11,20,45,70,0.41,0.35,0.24,45,0.35,0.05,6,1,1,4,1,1,6,2
19,24,20,60,90,0.33,0.2,0.47,90,0.47,0.636,9,1,1,6,1,1,8,1
51,14,30,50,95,0.33,0.29,0.38,50,0.29,0.809,8,1,1,5,1,2,7,4
55,8,15,70,80,0.49,0.27,0.24,70,0.27,0.515,8,5,9,5,4,3,4,5
86,49,50,75,90,0.3,0.52,0.18,50,0.3,0.533,4,5,5,3,2,1,4,6
85,38,20,50,90,0.3,0.18,0.52,50,0.18,0.788,6,1,1,7,1,1,6,1
45,26,15,50,75,0.24,0.4,0.36,50,0.4,0.265,6,1,1,4,1,1,6,1
8,47,55,70,85,0.28,0.51,0.21,70,0.51,0.861,7,2,3,5,7,2,6,6
4,20,25,45,80,0.26,0.32,0.42,45,0.32,0.949,6,4,3,5,3,1,5,3
82,45,10,50,75,0.6,0.24,0.16,75,0.16,0.785,9,1,1,9,1,1,9,1
28,37,20,50,90,0.28,0.19,0.53,20,0.28,0.198,3,6,4,7,4,1,3,7
20,15,30,50,95,0.3,0.3,0.4,95,0.4,0.899,9,1,1,5,1,1,9,1
38,3,0,30,60,0.41,0.37,0.22,60,0.22,0.631,9,1,1,8,1,1,9,1
11,22,20,60,90,0.32,0.16,0.52,20,0.32,0.904,6,3,3,7,1,1,5,8
60,1,0,30,60,0.38,0.36,0.26,0,0.38,0.995,1,8,7,5,8,8,1,9
100,5,10,35,75,0.515,0.3,0.185,35,0.3,0.391,5,4,1,4,1,1,5,4
47,30,40,65,100,0.37,0.32,0.31,100,0.31,0.395,9,1,1,8,1,1,5,1
1,2,0,30,60,0.42,0.31,0.27,30,0.31,0.331,5,6,2,6,2,1,5,8
39,36,30,50,90,0.39,0.25,0.36,90,0.36,0.171,9,1,1,5,1,1,9,1
23,8,15,70,80,0.49,0.27,0.24,70,0.27,0.28,6,2,1,5,1,1,5,3
40,48,55,70,85,0.25,0.52,0.23,85,0.23,0.915,6,4,2,6,1,1,5,6
32,33,45,60,90,0.5,0.3,0.2,90,0.2,0.252,9,1,1,6,1,1,5,1
74,40,0,40,95,0.27,0.38,0.35,0,0.27,0.774,1,7,3,8,6,1,1,8
26,3,0,30,60,0.41,0.37,0.22,60,0.22,0.3,9,1,1,4,1,1,9,1
37,22,20,60,90,0.32,0.16,0.52,20,0.32,0.182,3,5,2,4,2,1,3,8
25,17,25,60,100,0.42,0.38,0.2,60,0.38,0.595,5,3,1,4,1,1,6,5
88,32,45,60,90,0.52,0.29,0.19,60,0.29,0.774,7,5,2,4,1,1,6,1
67,28,40,65,100,0.36,0.4,0.24,40,0.36,0.497,3,6,7,4,2,1,2,7
65,35,30,50,90,0.41,0.24,0.35,50,0.24,0.305,5,4,2,5,1,2,6,3
44,38,20,50,90,0.3,0.18,0.52,50,0.18,0.629,5,3,3,7,6,1,1,8
99,11,20,45,70,0.41,0.35,0.24,45,0.35,0.127,7,2,2,3,1,1,7,2
58,21,25,45,80,0.3,0.3,0.4,80,0.4,0.499,9,1,1,3,1,1,9,1
63,31,45,60,90,0.54,0.3,0.16,45,0.54,0.318,4,2,2,2,2,1,5,5
21,4,10,35,75,0.5,0.31,0.19,10,0.5,0.663,5,3,3,2,2,2,3,6
95,36,30,50,90,0.39,0.25,0.36,90,0.36,0.397,8,2,1,6,1,1,7,1
71,23,20,60,90,0.34,0.22,0.44,60,0.22,0.599,7,2,4,6,3,1,6,6
13,29,40,65,100,0.38,0.34,0.28,65,0.34,0.579,6,2,2,5,1,1,6,3
9,2,0,30,60,0.42,0.31,0.27,30,0.31,0.203,5,1,1,5,1,2,5,2
31,7,15,70,80,0.47,0.28,0.25,15,0.47,0.351,3,6,5,3,4,1,3,7
49,4,10,35,75,0.5,0.31,0.19,10,0.5,0.841,4,1,1,1,1,1,6,3
94,3,0,30,60,0.41,0.37,0.22,60,0.22,0.866,6,7,6,5,3,5,6,4
97,46,55,70,85,0.26,0.53,0.21,55,0.26,0.458,3,3,2,3,1,1,3,3
33,15,30,50,95,0.3,0.3,0.4,95,0.4,0.929,9,1,1,9,1,1,1,1
36,50,50,75,90,0.32,0.5,0.18,75,0.5,0.841,9,1,1,3,1,1,5,1
46,49,50,75,90,0.3,0.52,0.18,50,0.3,0.837,6,2,3,5,1,1,1,4
90,46,55,70,85,0.26,0.53,0.21,55,0.26,0.496,5,3,3,3,6,4,5,5
93,45,10,50,75,0.6,0.24,0.16,75,0.16,0.615,9,1,1,7,1,1,9,1
41,11,20,45,70,0.41,0.35,0.24,45,0.35,0.758,9,1,1,7,1,1,9,1
16,42,0,40,95,0.26,0.42,0.32,95,0.32,0.986,9,1,1,8,1,1,9,3
84,28,40,65,100,0.36,0.4,0.24,40,0.36,0.234,5,3,2,4,5,1,3,6
76,44,10,50,75,0.58,0.24,0.18,50,0.24,0.777,6,1,1,6,1,1,6,2
17,41,0,40,95,0.27,0.4,0.33,40,0.4,0.918,6,2,1,2,2,1,6,2
6,48,55,70,85,0.25,0.52,0.23,85,0.23,0.88,9,1,1,8,1,1,6,1
15,26,15,50,75,0.24,0.4,0.36,50,0.4,0.594,6,4,3,6,4,1,6,5
42,39,20,50,90,0.32,0.18,0.5,90,0.5,0.852,9,1,1,5,1,1,9,1
72,43,10,50,75,0.55,0.28,0.17,10,0.55,0.488,3,3,1,1,1,1,5,5
50,13,30,50,95,0.31,0.25,0.44,30,0.31,0.292,4,3,2,6,3,1,3,7
2,38,20,50,90,0.3,0.18,0.52,50,0.18,0.104,6,2,2,4,1,1,6,2
43,17,25,60,100,0.42,0.38,0.2,60,0.38,0.472,7,2,3,5,5,2,5,6
61,45,10,50,75,0.6,0.24,0.16,75,0.16,0.072,9,1,1,6,4,2,2,1
81,21,25,45,80,0.3,0.3,0.4,80,0.4,0.461,9,2,3,9,2,3,9,3
77,2,0,30,60,0.42,0.31,0.27,30,0.31,0.872,5,5,4,2,4,4,6,6
70,13,30,50,95,0.31,0.25,0.44,30,0.31,0.72,5,2,1,4,2,1,4,9
89,17,25,60,100,0.42,0.38,0.2,60,0.38,0.649,6,2,1,4,1,1,3,3
78,11,20,45,70,0.41,0.35,0.24,45,0.35,0.978,6,4,4,4,4,4,4,4
56,25,15,50,75,0.21,0.36,0.43,15,0.21,0.921,4,4,4,3,4,1,3,6
34,2,0,30,60,0.42,0.31,0.27,30,0.31,0.006,6,2,1,7,1,1,8,2
12,48,55,70,85,0.25,0.52,0.23,85,0.23,0.304,9,1,1,9,1,1,9,1
96,32,45,60,90,0.52,0.29,0.19,60,0.29,0.468,4,2,2,4,2,1,5,4
98,20,25,45,80,0.26,0.32,0.42,45,0.32,0.44,7,1,1,8,1,1,5,1
91,28,40,65,100,0.36,0.4,0.24,40,0.36,0.497,4,2,2,6,3,1,4,5
3,45,10,50,75,0.6,0.24,0.16,75,0.16,0.597,9,1,1,9,1,1,9,1
22,25,15,50,75,0.21,0.36,0.43,15,0.21,0.631,2,7,2,8,1,1,2,8
64,35,30,50,90,0.41,0.24,0.35,50,0.24,0.746,9,1,1,9,1,1,9,1
53,34,30,50,90,0.43,0.23,0.34,30,0.43,0.224,1,2,1,1,1,1,1,3
30,25,15,50,75,0.21,0.36,0.43,15,0.21,0.278,1,6,3,5,1,1,1,9
7,12,20,45,70,0.4,0.34,0.26,70,0.26,0.806,8,1,1,7,1,1,8,1
29,49,50,75,90,0.3,0.52,0.18,50,0.3,0.341,1,7,7,7,8,1,8,8
92,21,25,45,80,0.3,0.3,0.4,80,0.4,0.804,6,1,1,6,2,1,4,6
62,3,0,30,60,0.41,0.37,0.22,60,0.22,0.174,7,1,1,7,2,1,5,1
35,22,20,60,90,0.32,0.16,0.52,20,0.32,0.532,7,1,1,6,1,1,6,2
18,6,10,35,75,0.5,0.32,0.18,75,0.18,0.807,8,1,1,5,1,1,7,1
68,27,15,50,75,0.25,0.38,0.37,75,0.37,0.991,5,3,2,3,3,3,5,4
27,46,55,70,85,0.26,0.53,0.21,55,0.26,0.657,9,1,1,9,1,1,5,5
80,13,30,50,95,0.31,0.25,0.44,30,0.31,0.079,2,5,2,3,1,1,1,6
14,15,30,50,95,0.3,0.3,0.4,95,0.4,0.908,9,1,1,5,1,1,5,1
87,38,20,50,90,0.3,0.18,0.52,50,0.18,0.471,9,2,1,9,1,1,9,1
83,23,20,60,90,0.34,0.22,0.44,60,0.22,0.312,6,2,1,5,1,1,5,5
59,22,20,60,90,0.32,0.16,0.52,20,0.32,0.55,7,2,1,3,1,1,4,4
10,19,25,45,80,0.31,0.32,0.37,25,0.31,0.448,2,1,1,1,1,1,1,7
69,22,20,60,90,0.32,0.16,0.52,20,0.32,0.71,4,2,1,2,1,1,3,3
24,47,55,70,85,0.28,0.51,0.21,70,0.51,0.101,8,1,1,2,1,1,8,1
79,37,20,50,90,0.28,0.19,0.53,20,0.28,0.541,3,5,2,7,2,1,5,3
73,29,40,65,100,0.38,0.34,0.28,65,0.34,0.583,5,1,1,3,1,1,4,2
54,26,15,50,75,0.24,0.4,0.36,50,0.4,0.458,6,3,1,1,2,1,7,3
75,33,45,60,90,0.5,0.3,0.2,90,0.2,0.017,9,1,1,8,1,1,9,1
52,33,45,60,90,0.5,0.3,0.2,90,0.2,0.012,9,1,1,6,1,1,9,1
66,27,15,50,75,0.25,0.38,0.37,75,0.37,0.962,8,1,1,5,1,1,7,1
5,37,20,50,90,0.28,0.19,0.53,20,0.28,0.353,4,3,1,2,1,1,1,5
48,30,40,65,100,0.37,0.32,0.31,100,0.31,0.625,9,1,1,7,1,1,1,1
57,3,0,30,60,0.41,0.37,0.22,60,0.22,0.857,9,1,1,9,1,1,7,1
19,41,0,40,95,0.27,0.4,0.33,40,0.4,0.751,6,6,2,5,1,1,5,5
51,23,20,60,90,0.34,0.22,0.44,60,0.22,0.689,8,1,1,6,1,2,7,5
55,6,10,35,75,0.5,0.32,0.18,75,0.18,0.33,6,7,7,8,4,5,4,6
86,23,20,60,90,0.34,0.22,0.44,60,0.22,0.383,6,3,3,6,2,1,5,4
85,2,0,30,60,0.42,0.31,0.27,30,0.31,0.455,6,1,1,7,1,1,6,1
45,22,20,60,90,0.32,0.16,0.52,20,0.32,0.828,2,6,2,7,3,1,5,8
8,35,30,50,90,0.41,0.24,0.35,50,0.24,0.468,6,2,2,5,2,1,5,3
4,41,0,40,95,0.27,0.4,0.33,40,0.4,0.069,6,3,4,5,2,1,6,4
82,6,10,35,75,0.5,0.32,0.18,75,0.18,0.129,9,1,1,9,1,1,9,1
28,24,20,60,90,0.33,0.2,0.47,90,0.47,0.167,8,1,1,5,1,1,1,1
20,18,25,60,100,0.43,0.35,0.22,100,0.22,0.778,9,1,1,9,1,1,9,1
38,41,0,40,95,0.27,0.4,0.33,40,0.4,0.669,6,6,1,5,1,1,5,6
11,29,40,65,100,0.38,0.34,0.28,65,0.34,0.652,7,1,1,6,1,1,7,6
60,14,30,50,95,0.33,0.29,0.38,50,0.29,0.201,6,5,4,3,5,5,7,8
100,27,15,50,75,0.25,0.38,0.37,75,0.37,0.001,9,1,1,9,1,1,8,1
47,8,15,70,80,0.49,0.27,0.24,70,0.27,0.01,9,1,1,7,1,1,7,1
1,40,0,40,95,0.27,0.38,0.35,0,0.27,0.623,1,9,2,7,4,1,1,9
39,50,50,75,90,0.32,0.5,0.18,75,0.5,0.132,6,1,1,3,1,1,6,2
23,43,10,50,75,0.55,0.28,0.17,10,0.55,0.054,4,6,1,5,1,1,5,7
40,47,55,70,85,0.28,0.51,0.21,70,0.51,0.367,7,3,2,1,1,1,5,6
32,19,25,45,80,0.31,0.32,0.37,25,0.31,0.497,5,2,1,4,1,1,5,3
74,46,55,70,85,0.26,0.53,0.21,55,0.26,0.986,6,4,2,4,5,1,3,6
26,48,55,70,85,0.25,0.52,0.23,85,0.23,0.219,9,1,1,5,1,1,9,1
37,18,25,60,100,0.43,0.35,0.22,100,0.22,0.336,9,1,1,9,1,1,9,1
25,29,40,65,100,0.38,0.34,0.28,65,0.34,0.256,5,3,1,4,3,1,5,5
88,24,20,60,90,0.33,0.2,0.47,90,0.47,0.679,1,8,8,8,7,1,1,9
67,13,30,50,95,0.31,0.25,0.44,30,0.31,0.882,3,6,7,5,3,1,2,8
65,32,45,60,90,0.52,0.29,0.19,60,0.29,0.811,6,2,1,1,1,2,6,2
44,8,15,70,80,0.49,0.27,0.24,70,0.27,0.608,8,2,2,4,1,1,6,4
99,50,50,75,90,0.32,0.5,0.18,75,0.5,0.192,8,2,2,1,1,1,8,2
58,14,30,50,95,0.33,0.29,0.38,50,0.29,0.28,7,3,2,2,2,1,4,3
63,5,10,35,75,0.515,0.3,0.185,35,0.3,0.28,6,2,2,5,1,1,1,5
21,41,0,40,95,0.27,0.4,0.33,40,0.4,0.779,7,2,2,6,2,2,2,4
95,46,55,70,85,0.26,0.53,0.21,55,0.26,0.346,6,3,2,3,1,1,6,7
71,17,25,60,100,0.42,0.38,0.2,60,0.38,0.513,7,2,1,2,1,1,7,2
13,26,15,50,75,0.24,0.4,0.36,50,0.4,0.637,6,3,2,5,3,1,6,3
9,12,20,45,70,0.4,0.34,0.26,70,0.26,0.285,9,1,1,6,1,1,5,1
31,2,0,30,60,0.42,0.31,0.27,30,0.31,0.695,5,3,3,3,2,1,5,4
49,21,25,45,80,0.3,0.3,0.4,80,0.4,0.429,6,1,1,3,1,1,8,2
94,12,20,45,70,0.4,0.34,0.26,70,0.26,0.696,5,6,7,2,5,7,6,6
97,30,40,65,100,0.37,0.32,0.31,100,0.31,0.092,8,1,1,6,1,1,7,1
33,9,15,70,80,0.45,0.29,0.26,80,0.26,0.456,9,1,1,9,1,1,1,1
36,47,55,70,85,0.28,0.51,0.21,70,0.51,0.682,9,1,1,3,1,1,6,1
46,46,55,70,85,0.26,0.53,0.21,55,0.26,0.886,7,1,2,6,1,1,1,4
90,20,25,45,80,0.26,0.32,0.42,45,0.32,0.635,5,2,3,6,4,3,5,5
93,36,30,50,90,0.39,0.25,0.36,90,0.36,0.376,9,1,1,6,1,1,9,1
41,28,40,65,100,0.36,0.4,0.24,40,0.36,0.807,6,1,1,3,1,1,5,1
16,20,25,45,80,0.26,0.32,0.42,45,0.32,0.095,4,6,2,3,3,1,2,7
84,19,25,45,80,0.31,0.32,0.37,25,0.31,0.945,4,3,2,2,3,1,2,8
76,43,10,50,75,0.55,0.28,0.17,10,0.55,0.935,2,2,2,1,1,1,2,7
17,12,20,45,70,0.4,0.34,0.26,70,0.26,0.351,9,1,1,9,1,1,9,1
6,14,30,50,95,0.33,0.29,0.38,50,0.29,0.832,5,4,1,3,1,1,7,5
15,27,15,50,75,0.25,0.38,0.37,75,0.37,0.072,9,1,1,9,1,1,9,1
42,44,10,50,75,0.58,0.24,0.18,50,0.24,0.729,7,1,1,7,1,1,8,1
72,26,15,50,75,0.24,0.4,0.36,50,0.4,0.833,5,2,1,3,1,1,5,2
50,22,20,60,90,0.32,0.16,0.52,20,0.32,0.762,2,4,4,6,4,1,3,6
2,22,20,60,90,0.32,0.16,0.52,20,0.32,0.11,2,5,6,5,4,1,3,6
43,25,15,50,75,0.21,0.36,0.43,15,0.21,0.41,1,8,8,8,8,5,1,9
61,49,50,75,90,0.3,0.52,0.18,50,0.3,0.696,3,6,4,2,2,1,1,6
81,16,25,60,100,0.45,0.37,0.18,25,0.45,0.059,2,6,5,6,5,1,3,8
77,45,10,50,75,0.6,0.24,0.16,75,0.16,0.097,8,2,2,7,2,2,7,2
70,17,25,60,100,0.42,0.38,0.2,60,0.38,0.159,8,1,1,7,1,1,7,2
89,22,20,60,90,0.32,0.16,0.52,20,0.32,0.792,1,9,3,7,3,1,1,8
78,14,30,50,95,0.33,0.29,0.38,50,0.29,0.896,4,4,4,4,4,4,4,4
56,46,55,70,85,0.26,0.53,0.21,55,0.26,0.608,3,2,2,2,2,1,3,5
34,9,15,70,80,0.45,0.29,0.26,80,0.26,0.816,9,1,1,8,1,1,7,1
12,21,25,45,80,0.3,0.3,0.4,80,0.4,0.091,9,1,1,9,1,1,9,1
96,18,25,60,100,0.43,0.35,0.22,100,0.22,0.918,8,1,1,7,1,1,7,1
98,40,0,40,95,0.27,0.38,0.35,0,0.27,0.016,1,9,1,1,1,1,1,9
91,33,45,60,90,0.5,0.3,0.2,90,0.2,0.883,9,1,1,9,1,1,9,1
3,48,55,70,85,0.25,0.52,0.23,85,0.23,0.548,9,1,1,8,1,1,9,1
22,9,15,70,80,0.45,0.29,0.26,80,0.26,0.015,9,1,1,8,1,1,9,1
64,3,0,30,60,0.41,0.37,0.22,60,0.22,0.616,9,1,1,9,1,1,9,1
53,19,25,45,80,0.31,0.32,0.37,25,0.31,0.593,1,3,2,2,1,1,1,4
30,36,30,50,90,0.39,0.25,0.36,90,0.36,0.999,7,1,1,9,1,1,9,1
